{
  "type": "FeatureCollection",
  "features": [
    {
      "type": "Feature",
      "id": "ALM_1_CIRC",
      "geometry": {
        "type": "LineString",
        "coordinates": [
          [
            -3.697027,
            36.730781
          ],
          [
            -3.696943,
            36.730728
          ],
          [
            -3.697027,
            36.730781
          ],
          [
            -3.697149,
            36.73086
          ],
          [
            -3.697163,
            36.730871
          ],
          [
            -3.697374,
            36.731009
          ],
          [
            -3.697832,
            36.731309
          ],
          [
            -3.698033,
            36.731441
          ],
          [
            -3.698173,
            36.731534
          ],
          [
            -3.69817,
            36.731558
          ],
          [
            -3.698173,
            36.731582
          ],
          [
            -3.698185,
            36.731605
          ],
          [
            -3.698206,
            36.731628
          ],
          [
            -3.698235,
            36.731644
          ],
          [
            -3.698269,
            36.731653
          ],
          [
            -3.698309,
            36.731654
          ],
          [
            -3.698347,
            36.731644
          ],
          [
            -3.698379,
            36.731624
          ],
          [
            -3.69845,
            36.731675
          ],
          [
            -3.698819,
            36.731921
          ],
          [
            -3.69933,
            36.732263
          ],
          [
            -3.699439,
            36.732333
          ],
          [
            -3.700235,
            36.732853
          ],
          [
            -3.700351,
            36.732928
          ],
          [
            -3.700795,
            36.73321
          ],
          [
            -3.700963,
            36.733318
          ],
          [
            -3.701055,
            36.733373
          ],
          [
            -3.701535,
            36.733664
          ],
          [
            -3.70153,
            36.733696
          ],
          [
            -3.701538,
            36.733727
          ],
          [
            -3.701558,
            36.733754
          ],
          [
            -3.701588,
            36.733774
          ],
          [
            -3.701624,
            36.733785
          ],
          [
            -3.701664,
            36.733786
          ],
          [
            -3.701701,
            36.733777
          ],
          [
            -3.701733,
            36.733759
          ],
          [
            -3.701869,
            36.733869
          ],
          [
            -3.702054,
            36.733978
          ],
          [
            -3.702145,
            36.734009
          ],
          [
            -3.702234,
            36.734026
          ],
          [
            -3.702292,
            36.734033
          ],
          [
            -3.702603,
            36.734083
          ],
          [
            -3.702885,
            36.734084
          ],
          [
            -3.702926,
            36.734076
          ],
          [
            -3.702937,
            36.734103
          ],
          [
            -3.702956,
            36.734125
          ],
          [
            -3.702984,
            36.734142
          ],
          [
            -3.703016,
            36.734152
          ],
          [
            -3.703051,
            36.734153
          ],
          [
            -3.703089,
            36.734145
          ],
          [
            -3.703121,
            36.734126
          ],
          [
            -3.703144,
            36.7341
          ],
          [
            -3.703153,
            36.734069
          ],
          [
            -3.703149,
            36.734037
          ],
          [
            -3.703197,
            36.734026
          ],
          [
            -3.703465,
            36.733962
          ],
          [
            -3.704446,
            36.733867
          ],
          [
            -3.70455,
            36.733883
          ],
          [
            -3.704852,
            36.733982
          ],
          [
            -3.705003,
            36.734004
          ],
          [
            -3.705134,
            36.73399
          ],
          [
            -3.705183,
            36.733976
          ],
          [
            -3.705337,
            36.733896
          ],
          [
            -3.705645,
            36.733658
          ],
          [
            -3.705931,
            36.733437
          ],
          [
            -3.706016,
            36.733388
          ],
          [
            -3.706099,
            36.733354
          ],
          [
            -3.706211,
            36.733325
          ],
          [
            -3.706529,
            36.733279
          ],
          [
            -3.707164,
            36.733189
          ],
          [
            -3.707372,
            36.733156
          ],
          [
            -3.707567,
            36.733108
          ],
          [
            -3.707765,
            36.733039
          ],
          [
            -3.708215,
            36.73287
          ],
          [
            -3.708815,
            36.732632
          ],
          [
            -3.709002,
            36.732539
          ],
          [
            -3.709141,
            36.732456
          ],
          [
            -3.70926,
            36.732362
          ],
          [
            -3.709354,
            36.732264
          ],
          [
            -3.70955,
            36.732006
          ],
          [
            -3.709628,
            36.731933
          ],
          [
            -3.709709,
            36.731893
          ],
          [
            -3.709841,
            36.731861
          ],
          [
            -3.709974,
            36.731852
          ],
          [
            -3.710084,
            36.731868
          ],
          [
            -3.710231,
            36.731901
          ],
          [
            -3.71037,
            36.731963
          ],
          [
            -3.711003,
            36.732279
          ],
          [
            -3.711184,
            36.732342
          ],
          [
            -3.711327,
            36.73236
          ],
          [
            -3.711442,
            36.732359
          ],
          [
            -3.711569,
            36.732337
          ],
          [
            -3.711767,
            36.732269
          ],
          [
            -3.711885,
            36.732233
          ],
          [
            -3.711976,
            36.732232
          ],
          [
            -3.712048,
            36.732249
          ],
          [
            -3.712921,
            36.732519
          ],
          [
            -3.713023,
            36.732563
          ],
          [
            -3.713173,
            36.732739
          ],
          [
            -3.713263,
            36.732872
          ],
          [
            -3.71336,
            36.733093
          ],
          [
            -3.713439,
            36.733188
          ],
          [
            -3.71336,
            36.733093
          ],
          [
            -3.713263,
            36.732872
          ],
          [
            -3.713173,
            36.732739
          ],
          [
            -3.713023,
            36.732563
          ],
          [
            -3.712921,
            36.732519
          ],
          [
            -3.712048,
            36.732249
          ],
          [
            -3.711976,
            36.732232
          ],
          [
            -3.711885,
            36.732233
          ],
          [
            -3.711767,
            36.732269
          ],
          [
            -3.711569,
            36.732337
          ],
          [
            -3.711442,
            36.732359
          ],
          [
            -3.711327,
            36.73236
          ],
          [
            -3.711184,
            36.732342
          ],
          [
            -3.711003,
            36.732279
          ],
          [
            -3.71037,
            36.731963
          ],
          [
            -3.710231,
            36.731901
          ],
          [
            -3.710084,
            36.731868
          ],
          [
            -3.709974,
            36.731852
          ],
          [
            -3.709841,
            36.731861
          ],
          [
            -3.709709,
            36.731893
          ],
          [
            -3.709628,
            36.731933
          ],
          [
            -3.70955,
            36.732006
          ],
          [
            -3.709354,
            36.732264
          ],
          [
            -3.70926,
            36.732362
          ],
          [
            -3.709141,
            36.732456
          ],
          [
            -3.709002,
            36.732539
          ],
          [
            -3.708815,
            36.732632
          ],
          [
            -3.708215,
            36.73287
          ],
          [
            -3.707765,
            36.733039
          ],
          [
            -3.707567,
            36.733108
          ],
          [
            -3.707372,
            36.733156
          ],
          [
            -3.707164,
            36.733189
          ],
          [
            -3.706529,
            36.733279
          ],
          [
            -3.706211,
            36.733325
          ],
          [
            -3.706099,
            36.733354
          ],
          [
            -3.706016,
            36.733388
          ],
          [
            -3.705931,
            36.733437
          ],
          [
            -3.705645,
            36.733658
          ],
          [
            -3.705337,
            36.733896
          ],
          [
            -3.705183,
            36.733976
          ],
          [
            -3.705134,
            36.73399
          ],
          [
            -3.705003,
            36.734004
          ],
          [
            -3.704852,
            36.733982
          ],
          [
            -3.70455,
            36.733883
          ],
          [
            -3.704446,
            36.733867
          ],
          [
            -3.703465,
            36.733962
          ],
          [
            -3.703197,
            36.734026
          ],
          [
            -3.703149,
            36.734037
          ],
          [
            -3.703133,
            36.73401
          ],
          [
            -3.703106,
            36.733988
          ],
          [
            -3.703072,
            36.733974
          ],
          [
            -3.703034,
            36.73397
          ],
          [
            -3.702997,
            36.733977
          ],
          [
            -3.702964,
            36.733993
          ],
          [
            -3.70294,
            36.734017
          ],
          [
            -3.702927,
            36.734046
          ],
          [
            -3.702926,
            36.734076
          ],
          [
            -3.702937,
            36.734103
          ],
          [
            -3.702956,
            36.734125
          ],
          [
            -3.702984,
            36.734142
          ],
          [
            -3.703016,
            36.734152
          ],
          [
            -3.703051,
            36.734153
          ],
          [
            -3.703038,
            36.734196
          ],
          [
            -3.703015,
            36.734243
          ],
          [
            -3.702991,
            36.734289
          ],
          [
            -3.70291,
            36.734446
          ],
          [
            -3.70263,
            36.73506
          ],
          [
            -3.702559,
            36.735247
          ],
          [
            -3.702519,
            36.735334
          ],
          [
            -3.702484,
            36.735408
          ],
          [
            -3.702386,
            36.735637
          ],
          [
            -3.702314,
            36.735811
          ],
          [
            -3.702257,
            36.736098
          ],
          [
            -3.702252,
            36.736232
          ],
          [
            -3.702425,
            36.736608
          ],
          [
            -3.702489,
            36.736928
          ],
          [
            -3.70246,
            36.737339
          ],
          [
            -3.702489,
            36.737617
          ],
          [
            -3.702617,
            36.737938
          ],
          [
            -3.702828,
            36.738407
          ],
          [
            -3.702854,
            36.738501
          ],
          [
            -3.702829,
            36.73859
          ],
          [
            -3.70281,
            36.738629
          ],
          [
            -3.702786,
            36.73867
          ],
          [
            -3.702759,
            36.738708
          ],
          [
            -3.702575,
            36.738844
          ],
          [
            -3.702545,
            36.738859
          ],
          [
            -3.702005,
            36.739134
          ],
          [
            -3.701827,
            36.739243
          ],
          [
            -3.701744,
            36.739275
          ],
          [
            -3.701612,
            36.739354
          ],
          [
            -3.701368,
            36.739544
          ],
          [
            -3.701207,
            36.739669
          ],
          [
            -3.701142,
            36.739689
          ],
          [
            -3.701033,
            36.739723
          ],
          [
            -3.700438,
            36.739759
          ],
          [
            -3.699984,
            36.739846
          ],
          [
            -3.699453,
            36.739976
          ],
          [
            -3.699254,
            36.740025
          ],
          [
            -3.699239,
            36.740061
          ],
          [
            -3.699221,
            36.74014
          ],
          [
            -3.699224,
            36.740229
          ],
          [
            -3.699042,
            36.740257
          ],
          [
            -3.698934,
            36.740266
          ],
          [
            -3.698874,
            36.740271
          ],
          [
            -3.698682,
            36.740214
          ],
          [
            -3.698587,
            36.740171
          ],
          [
            -3.698529,
            36.7401
          ],
          [
            -3.698432,
            36.739898
          ],
          [
            -3.69839,
            36.739713
          ],
          [
            -3.698367,
            36.739631
          ],
          [
            -3.698281,
            36.739401
          ],
          [
            -3.69821,
            36.73926
          ],
          [
            -3.698146,
            36.739175
          ],
          [
            -3.698078,
            36.739112
          ],
          [
            -3.697909,
            36.738997
          ],
          [
            -3.697854,
            36.738967
          ],
          [
            -3.697358,
            36.738701
          ],
          [
            -3.696017,
            36.737999
          ],
          [
            -3.69581,
            36.737898
          ],
          [
            -3.695725,
            36.737856
          ],
          [
            -3.69534,
            36.737667
          ],
          [
            -3.69526,
            36.737625
          ],
          [
            -3.695097,
            36.73754
          ],
          [
            -3.694934,
            36.737455
          ],
          [
            -3.694763,
            36.737365
          ],
          [
            -3.694523,
            36.73724
          ],
          [
            -3.694519,
            36.737237
          ],
          [
            -3.694465,
            36.737209
          ],
          [
            -3.694111,
            36.737021
          ],
          [
            -3.693749,
            36.736834
          ],
          [
            -3.693268,
            36.736589
          ],
          [
            -3.693016,
            36.736453
          ],
          [
            -3.692744,
            36.736302
          ],
          [
            -3.692726,
            36.736291
          ],
          [
            -3.692617,
            36.736235
          ],
          [
            -3.692604,
            36.736228
          ],
          [
            -3.692572,
            36.736199
          ],
          [
            -3.692347,
            36.736083
          ],
          [
            -3.692119,
            36.73597
          ],
          [
            -3.69207,
            36.735943
          ],
          [
            -3.691892,
            36.735863
          ],
          [
            -3.691845,
            36.735841
          ],
          [
            -3.691801,
            36.735816
          ],
          [
            -3.691678,
            36.735754
          ],
          [
            -3.691448,
            36.735637
          ],
          [
            -3.691223,
            36.735525
          ],
          [
            -3.691157,
            36.735481
          ],
          [
            -3.691104,
            36.73544
          ],
          [
            -3.690964,
            36.73544
          ],
          [
            -3.690889,
            36.735481
          ],
          [
            -3.690583,
            36.735779
          ],
          [
            -3.690517,
            36.735835
          ],
          [
            -3.690459,
            36.735855
          ],
          [
            -3.690355,
            36.735862
          ],
          [
            -3.690309,
            36.735865
          ],
          [
            -3.690251,
            36.735902
          ],
          [
            -3.690196,
            36.735884
          ],
          [
            -3.690137,
            36.735887
          ],
          [
            -3.690112,
            36.735846
          ],
          [
            -3.689961,
            36.735807
          ],
          [
            -3.689949,
            36.735804
          ],
          [
            -3.689854,
            36.735775
          ],
          [
            -3.68969,
            36.735708
          ],
          [
            -3.689651,
            36.735692
          ],
          [
            -3.689551,
            36.735639
          ],
          [
            -3.689516,
            36.735544
          ],
          [
            -3.689503,
            36.735362
          ],
          [
            -3.689506,
            36.735332
          ],
          [
            -3.689518,
            36.735188
          ],
          [
            -3.689541,
            36.73506
          ],
          [
            -3.689598,
            36.734781
          ],
          [
            -3.689627,
            36.734699
          ],
          [
            -3.68981,
            36.734434
          ],
          [
            -3.689795,
            36.734322
          ],
          [
            -3.689761,
            36.73426
          ],
          [
            -3.689687,
            36.734166
          ],
          [
            -3.68966,
            36.734132
          ],
          [
            -3.689453,
            36.733865
          ],
          [
            -3.68936,
            36.733741
          ],
          [
            -3.689338,
            36.733704
          ],
          [
            -3.689268,
            36.733608
          ],
          [
            -3.689203,
            36.733517
          ],
          [
            -3.689163,
            36.733462
          ],
          [
            -3.688967,
            36.733225
          ],
          [
            -3.688859,
            36.733094
          ],
          [
            -3.688825,
            36.733043
          ],
          [
            -3.688615,
            36.732764
          ],
          [
            -3.688584,
            36.732734
          ],
          [
            -3.6885,
            36.732567
          ],
          [
            -3.68846,
            36.732478
          ],
          [
            -3.68845,
            36.732358
          ],
          [
            -3.688459,
            36.732246
          ],
          [
            -3.688433,
            36.732009
          ],
          [
            -3.688445,
            36.731956
          ],
          [
            -3.688497,
            36.731926
          ],
          [
            -3.688772,
            36.731859
          ],
          [
            -3.689214,
            36.73175
          ],
          [
            -3.68924,
            36.731737
          ],
          [
            -3.689623,
            36.731642
          ],
          [
            -3.689745,
            36.731611
          ],
          [
            -3.69005,
            36.731523
          ],
          [
            -3.690195,
            36.731518
          ],
          [
            -3.690213,
            36.731528
          ],
          [
            -3.690233,
            36.731532
          ],
          [
            -3.690254,
            36.731532
          ],
          [
            -3.690282,
            36.731522
          ],
          [
            -3.69029,
            36.731515
          ],
          [
            -3.690302,
            36.731501
          ],
          [
            -3.690308,
            36.731484
          ],
          [
            -3.690306,
            36.731467
          ],
          [
            -3.690298,
            36.731451
          ],
          [
            -3.690428,
            36.731408
          ],
          [
            -3.690783,
            36.731324
          ],
          [
            -3.690892,
            36.731292
          ],
          [
            -3.69105,
            36.731236
          ],
          [
            -3.691233,
            36.731149
          ],
          [
            -3.691382,
            36.731028
          ],
          [
            -3.69145,
            36.730963
          ],
          [
            -3.691611,
            36.730803
          ],
          [
            -3.691738,
            36.730607
          ],
          [
            -3.691809,
            36.730464
          ],
          [
            -3.691889,
            36.730348
          ],
          [
            -3.691961,
            36.730274
          ],
          [
            -3.692057,
            36.730202
          ],
          [
            -3.692191,
            36.730137
          ],
          [
            -3.692364,
            36.730067
          ],
          [
            -3.692661,
            36.729966
          ],
          [
            -3.692842,
            36.729884
          ],
          [
            -3.693021,
            36.729802
          ],
          [
            -3.693165,
            36.729709
          ],
          [
            -3.693456,
            36.729493
          ],
          [
            -3.69358,
            36.729394
          ],
          [
            -3.693704,
            36.729337
          ],
          [
            -3.693806,
            36.729315
          ],
          [
            -3.693919,
            36.729302
          ],
          [
            -3.694064,
            36.72929
          ],
          [
            -3.694261,
            36.729276
          ],
          [
            -3.694354,
            36.729274
          ],
          [
            -3.694438,
            36.729259
          ],
          [
            -3.694529,
            36.729253
          ],
          [
            -3.694611,
            36.72926
          ],
          [
            -3.6947,
            36.729277
          ],
          [
            -3.694784,
            36.729315
          ],
          [
            -3.694884,
            36.729381
          ],
          [
            -3.695384,
            36.729708
          ],
          [
            -3.695464,
            36.729761
          ],
          [
            -3.695881,
            36.730034
          ],
          [
            -3.69593,
            36.730066
          ],
          [
            -3.696525,
            36.730455
          ],
          [
            -3.696737,
            36.730593
          ],
          [
            -3.696895,
            36.730697
          ],
          [
            -3.696943,
            36.730728
          ]
        ]
      },
      "properties": {
        "shape_id": "ALM_1_CIRC",
        "source_id": "osm_route_relations",
        "confidence": "medium"
      }
    },
    {
      "type": "Feature",
      "id": "ALM_2A_CIRC",
      "geometry": {
        "type": "LineString",
        "coordinates": [
          [
            -3.690196,
            36.735884
          ],
          [
            -3.690137,
            36.735887
          ],
          [
            -3.690082,
            36.735912
          ],
          [
            -3.690047,
            36.735955
          ],
          [
            -3.69004,
            36.736005
          ],
          [
            -3.690062,
            36.736053
          ],
          [
            -3.6901,
            36.736083
          ],
          [
            -3.69002,
            36.736121
          ],
          [
            -3.690069,
            36.73621
          ],
          [
            -3.690094,
            36.736291
          ],
          [
            -3.690111,
            36.736376
          ],
          [
            -3.690123,
            36.736429
          ],
          [
            -3.690104,
            36.736471
          ],
          [
            -3.690113,
            36.736516
          ],
          [
            -3.690146,
            36.736552
          ],
          [
            -3.690209,
            36.736573
          ],
          [
            -3.690276,
            36.736562
          ],
          [
            -3.690324,
            36.736523
          ],
          [
            -3.690387,
            36.736582
          ],
          [
            -3.690588,
            36.736814
          ],
          [
            -3.69091,
            36.736623
          ],
          [
            -3.690758,
            36.73644
          ],
          [
            -3.691026,
            36.736267
          ],
          [
            -3.691056,
            36.736289
          ],
          [
            -3.691162,
            36.736418
          ],
          [
            -3.691259,
            36.73655
          ],
          [
            -3.691434,
            36.736736
          ],
          [
            -3.691762,
            36.736373
          ],
          [
            -3.692008,
            36.736019
          ],
          [
            -3.69207,
            36.735943
          ],
          [
            -3.692119,
            36.73597
          ],
          [
            -3.692347,
            36.736083
          ],
          [
            -3.692572,
            36.736199
          ],
          [
            -3.692604,
            36.736228
          ],
          [
            -3.692617,
            36.736235
          ],
          [
            -3.692726,
            36.736291
          ],
          [
            -3.692744,
            36.736302
          ],
          [
            -3.693016,
            36.736453
          ],
          [
            -3.693268,
            36.736589
          ],
          [
            -3.693749,
            36.736834
          ],
          [
            -3.694111,
            36.737021
          ],
          [
            -3.694465,
            36.737209
          ],
          [
            -3.694519,
            36.737237
          ],
          [
            -3.694523,
            36.73724
          ],
          [
            -3.694763,
            36.737365
          ],
          [
            -3.694934,
            36.737455
          ],
          [
            -3.695097,
            36.73754
          ],
          [
            -3.69526,
            36.737625
          ],
          [
            -3.69534,
            36.737667
          ],
          [
            -3.695725,
            36.737856
          ],
          [
            -3.69581,
            36.737898
          ],
          [
            -3.696017,
            36.737999
          ],
          [
            -3.697358,
            36.738701
          ],
          [
            -3.697854,
            36.738967
          ],
          [
            -3.697909,
            36.738997
          ],
          [
            -3.698078,
            36.739112
          ],
          [
            -3.698146,
            36.739175
          ],
          [
            -3.69821,
            36.73926
          ],
          [
            -3.698281,
            36.739401
          ],
          [
            -3.698367,
            36.739631
          ],
          [
            -3.69839,
            36.739713
          ],
          [
            -3.698432,
            36.739898
          ],
          [
            -3.698438,
            36.740075
          ],
          [
            -3.698438,
            36.740222
          ],
          [
            -3.698435,
            36.740263
          ],
          [
            -3.698509,
            36.740267
          ],
          [
            -3.698654,
            36.740276
          ],
          [
            -3.698824,
            36.740272
          ],
          [
            -3.698874,
            36.740271
          ],
          [
            -3.698934,
            36.740266
          ],
          [
            -3.699042,
            36.740257
          ],
          [
            -3.699224,
            36.740229
          ],
          [
            -3.699364,
            36.740201
          ],
          [
            -3.699742,
            36.740128
          ],
          [
            -3.700004,
            36.740102
          ],
          [
            -3.70025,
            36.740091
          ],
          [
            -3.700463,
            36.740099
          ],
          [
            -3.700683,
            36.740126
          ],
          [
            -3.701191,
            36.740229
          ],
          [
            -3.701393,
            36.740251
          ],
          [
            -3.701571,
            36.740237
          ],
          [
            -3.701743,
            36.740203
          ],
          [
            -3.701933,
            36.74014
          ],
          [
            -3.702484,
            36.739906
          ],
          [
            -3.702773,
            36.739807
          ],
          [
            -3.703062,
            36.739753
          ],
          [
            -3.703311,
            36.739743
          ],
          [
            -3.703531,
            36.739764
          ],
          [
            -3.703749,
            36.739817
          ],
          [
            -3.703934,
            36.739885
          ],
          [
            -3.704108,
            36.739977
          ],
          [
            -3.704259,
            36.740079
          ],
          [
            -3.705258,
            36.740836
          ],
          [
            -3.705387,
            36.740919
          ],
          [
            -3.70552,
            36.740971
          ],
          [
            -3.705682,
            36.740989
          ],
          [
            -3.705821,
            36.740976
          ],
          [
            -3.705945,
            36.740941
          ],
          [
            -3.706068,
            36.740884
          ],
          [
            -3.706166,
            36.740819
          ],
          [
            -3.706242,
            36.740747
          ],
          [
            -3.706307,
            36.740664
          ],
          [
            -3.706353,
            36.740569
          ],
          [
            -3.70638,
            36.740451
          ],
          [
            -3.706382,
            36.740323
          ],
          [
            -3.706362,
            36.74002
          ],
          [
            -3.706396,
            36.739845
          ],
          [
            -3.70648,
            36.739649
          ],
          [
            -3.706627,
            36.739459
          ],
          [
            -3.70731,
            36.738854
          ],
          [
            -3.70748,
            36.738737
          ],
          [
            -3.707893,
            36.73852
          ],
          [
            -3.708017,
            36.738417
          ],
          [
            -3.708104,
            36.738309
          ],
          [
            -3.708183,
            36.738168
          ],
          [
            -3.70822,
            36.738098
          ],
          [
            -3.708255,
            36.738025
          ],
          [
            -3.708373,
            36.737732
          ],
          [
            -3.708629,
            36.737096
          ],
          [
            -3.708676,
            36.736995
          ],
          [
            -3.708753,
            36.736841
          ],
          [
            -3.708862,
            36.736712
          ],
          [
            -3.708982,
            36.736613
          ],
          [
            -3.70914,
            36.736516
          ],
          [
            -3.709344,
            36.736443
          ],
          [
            -3.709586,
            36.736398
          ],
          [
            -3.709799,
            36.7364
          ],
          [
            -3.710015,
            36.736433
          ],
          [
            -3.710207,
            36.736488
          ],
          [
            -3.710309,
            36.736532
          ],
          [
            -3.7105,
            36.736634
          ],
          [
            -3.711467,
            36.737293
          ],
          [
            -3.711561,
            36.737361
          ],
          [
            -3.711923,
            36.737608
          ],
          [
            -3.712272,
            36.737842
          ],
          [
            -3.712405,
            36.737925
          ],
          [
            -3.712546,
            36.738002
          ],
          [
            -3.712741,
            36.738075
          ],
          [
            -3.712939,
            36.73813
          ],
          [
            -3.713142,
            36.738159
          ],
          [
            -3.713364,
            36.738166
          ],
          [
            -3.713611,
            36.738142
          ],
          [
            -3.713759,
            36.73811
          ],
          [
            -3.713916,
            36.738065
          ],
          [
            -3.714107,
            36.737995
          ],
          [
            -3.714331,
            36.73786
          ],
          [
            -3.714439,
            36.737773
          ],
          [
            -3.714559,
            36.737668
          ],
          [
            -3.71467,
            36.737531
          ],
          [
            -3.714752,
            36.737399
          ],
          [
            -3.71481,
            36.737259
          ],
          [
            -3.714857,
            36.737108
          ],
          [
            -3.714878,
            36.736945
          ],
          [
            -3.714875,
            36.736825
          ],
          [
            -3.714874,
            36.736773
          ],
          [
            -3.714808,
            36.736212
          ],
          [
            -3.7148,
            36.736056
          ],
          [
            -3.714826,
            36.735916
          ],
          [
            -3.714874,
            36.735778
          ],
          [
            -3.714956,
            36.735658
          ],
          [
            -3.715048,
            36.735556
          ],
          [
            -3.715176,
            36.735463
          ],
          [
            -3.715361,
            36.735372
          ],
          [
            -3.715459,
            36.735341
          ],
          [
            -3.715625,
            36.735306
          ],
          [
            -3.715799,
            36.735302
          ],
          [
            -3.71596,
            36.735323
          ],
          [
            -3.716139,
            36.735368
          ],
          [
            -3.716272,
            36.735427
          ],
          [
            -3.716422,
            36.735514
          ],
          [
            -3.716512,
            36.735579
          ],
          [
            -3.716633,
            36.735704
          ],
          [
            -3.716743,
            36.735842
          ],
          [
            -3.717028,
            36.736291
          ],
          [
            -3.717151,
            36.73643
          ],
          [
            -3.71728,
            36.736534
          ],
          [
            -3.717436,
            36.736635
          ],
          [
            -3.71757,
            36.736698
          ],
          [
            -3.717731,
            36.736743
          ],
          [
            -3.717855,
            36.736769
          ],
          [
            -3.717983,
            36.736782
          ],
          [
            -3.718103,
            36.736786
          ],
          [
            -3.718277,
            36.736767
          ],
          [
            -3.718546,
            36.736713
          ],
          [
            -3.719002,
            36.736598
          ],
          [
            -3.719189,
            36.736562
          ],
          [
            -3.719355,
            36.736548
          ],
          [
            -3.719514,
            36.736555
          ],
          [
            -3.719686,
            36.73658
          ],
          [
            -3.719847,
            36.736618
          ],
          [
            -3.720018,
            36.736684
          ],
          [
            -3.720158,
            36.736766
          ],
          [
            -3.720252,
            36.736837
          ],
          [
            -3.720549,
            36.737088
          ],
          [
            -3.720709,
            36.737199
          ],
          [
            -3.720872,
            36.73729
          ],
          [
            -3.721057,
            36.737363
          ],
          [
            -3.721225,
            36.737408
          ],
          [
            -3.721419,
            36.737432
          ],
          [
            -3.721599,
            36.737432
          ],
          [
            -3.721794,
            36.737417
          ],
          [
            -3.722569,
            36.737296
          ],
          [
            -3.722904,
            36.73723
          ],
          [
            -3.723161,
            36.737197
          ],
          [
            -3.723329,
            36.737194
          ],
          [
            -3.723477,
            36.737189
          ],
          [
            -3.723731,
            36.737192
          ],
          [
            -3.724082,
            36.737228
          ],
          [
            -3.724431,
            36.737299
          ],
          [
            -3.724712,
            36.737377
          ],
          [
            -3.724994,
            36.737478
          ],
          [
            -3.72558,
            36.737788
          ],
          [
            -3.725873,
            36.737901
          ],
          [
            -3.72618,
            36.737982
          ],
          [
            -3.726387,
            36.738021
          ],
          [
            -3.726608,
            36.738042
          ],
          [
            -3.726828,
            36.738041
          ],
          [
            -3.727102,
            36.738012
          ],
          [
            -3.72734,
            36.737962
          ],
          [
            -3.72758,
            36.737894
          ],
          [
            -3.727742,
            36.737825
          ],
          [
            -3.727893,
            36.737741
          ],
          [
            -3.728051,
            36.73764
          ],
          [
            -3.728204,
            36.737504
          ],
          [
            -3.728377,
            36.737309
          ],
          [
            -3.728513,
            36.737152
          ],
          [
            -3.728734,
            36.736944
          ],
          [
            -3.728884,
            36.73684
          ],
          [
            -3.729041,
            36.736757
          ],
          [
            -3.729219,
            36.736697
          ],
          [
            -3.729444,
            36.736657
          ],
          [
            -3.729677,
            36.736655
          ],
          [
            -3.729936,
            36.736672
          ],
          [
            -3.730709,
            36.736717
          ],
          [
            -3.731018,
            36.736743
          ],
          [
            -3.731358,
            36.736775
          ],
          [
            -3.731857,
            36.736803
          ],
          [
            -3.732663,
            36.736837
          ],
          [
            -3.733638,
            36.736902
          ],
          [
            -3.733804,
            36.73693
          ],
          [
            -3.733965,
            36.736971
          ],
          [
            -3.73411,
            36.737017
          ],
          [
            -3.734243,
            36.737073
          ],
          [
            -3.734362,
            36.737141
          ],
          [
            -3.734465,
            36.737215
          ],
          [
            -3.734564,
            36.737291
          ],
          [
            -3.734653,
            36.737373
          ],
          [
            -3.734728,
            36.737451
          ],
          [
            -3.734788,
            36.737533
          ],
          [
            -3.734852,
            36.737622
          ],
          [
            -3.734895,
            36.737718
          ],
          [
            -3.73493,
            36.737828
          ],
          [
            -3.734943,
            36.737932
          ],
          [
            -3.734985,
            36.738273
          ],
          [
            -3.735013,
            36.738527
          ],
          [
            -3.735078,
            36.738708
          ],
          [
            -3.735193,
            36.738897
          ],
          [
            -3.735367,
            36.739082
          ],
          [
            -3.735549,
            36.739207
          ],
          [
            -3.735685,
            36.73927
          ],
          [
            -3.735831,
            36.739325
          ],
          [
            -3.735978,
            36.739364
          ],
          [
            -3.736139,
            36.739393
          ],
          [
            -3.736313,
            36.739406
          ],
          [
            -3.736562,
            36.739389
          ],
          [
            -3.736784,
            36.739339
          ],
          [
            -3.736989,
            36.73926
          ],
          [
            -3.7372,
            36.739128
          ],
          [
            -3.737363,
            36.73898
          ],
          [
            -3.737426,
            36.738907
          ],
          [
            -3.737464,
            36.738852
          ],
          [
            -3.737574,
            36.738766
          ],
          [
            -3.737695,
            36.738601
          ],
          [
            -3.738071,
            36.738036
          ],
          [
            -3.738281,
            36.737736
          ],
          [
            -3.738602,
            36.73726
          ],
          [
            -3.738987,
            36.736681
          ],
          [
            -3.739087,
            36.736478
          ],
          [
            -3.739148,
            36.736387
          ],
          [
            -3.739296,
            36.736158
          ],
          [
            -3.739483,
            36.735922
          ],
          [
            -3.739613,
            36.735809
          ],
          [
            -3.739763,
            36.73574
          ],
          [
            -3.739868,
            36.735706
          ],
          [
            -3.739883,
            36.73563
          ],
          [
            -3.739908,
            36.735557
          ],
          [
            -3.739914,
            36.735483
          ],
          [
            -3.739854,
            36.735439
          ],
          [
            -3.73978,
            36.735415
          ],
          [
            -3.739616,
            36.735345
          ],
          [
            -3.739551,
            36.735288
          ],
          [
            -3.739537,
            36.735227
          ],
          [
            -3.739578,
            36.735163
          ],
          [
            -3.739642,
            36.735138
          ],
          [
            -3.739973,
            36.735149
          ],
          [
            -3.740169,
            36.735052
          ],
          [
            -3.740229,
            36.734998
          ],
          [
            -3.740369,
            36.734869
          ],
          [
            -3.740617,
            36.734646
          ],
          [
            -3.740647,
            36.734619
          ],
          [
            -3.740722,
            36.734552
          ],
          [
            -3.740754,
            36.734521
          ],
          [
            -3.740875,
            36.734407
          ],
          [
            -3.740982,
            36.734305
          ],
          [
            -3.741014,
            36.734278
          ],
          [
            -3.741189,
            36.734123
          ],
          [
            -3.741225,
            36.734091
          ],
          [
            -3.741274,
            36.734051
          ],
          [
            -3.741339,
            36.734014
          ],
          [
            -3.741366,
            36.733998
          ],
          [
            -3.741405,
            36.733975
          ],
          [
            -3.741427,
            36.733987
          ],
          [
            -3.741451,
            36.733994
          ],
          [
            -3.741477,
            36.733994
          ],
          [
            -3.741502,
            36.733989
          ],
          [
            -3.741556,
            36.734002
          ],
          [
            -3.741686,
            36.734042
          ],
          [
            -3.741743,
            36.734087
          ],
          [
            -3.741914,
            36.73422
          ],
          [
            -3.741971,
            36.734264
          ],
          [
            -3.742249,
            36.734476
          ],
          [
            -3.742414,
            36.734575
          ],
          [
            -3.742634,
            36.734698
          ],
          [
            -3.742814,
            36.734799
          ],
          [
            -3.743017,
            36.73491
          ],
          [
            -3.743362,
            36.735102
          ],
          [
            -3.743478,
            36.735167
          ],
          [
            -3.743722,
            36.7353
          ],
          [
            -3.74384,
            36.735363
          ],
          [
            -3.744286,
            36.735598
          ],
          [
            -3.744562,
            36.735743
          ],
          [
            -3.744897,
            36.735941
          ],
          [
            -3.745189,
            36.73609
          ],
          [
            -3.745253,
            36.736121
          ],
          [
            -3.745318,
            36.736156
          ],
          [
            -3.745426,
            36.736216
          ],
          [
            -3.745582,
            36.736302
          ],
          [
            -3.745676,
            36.736354
          ],
          [
            -3.745784,
            36.736412
          ],
          [
            -3.745955,
            36.736505
          ],
          [
            -3.746039,
            36.736548
          ],
          [
            -3.746148,
            36.736606
          ],
          [
            -3.746237,
            36.736649
          ],
          [
            -3.746256,
            36.736658
          ],
          [
            -3.746737,
            36.736931
          ],
          [
            -3.747283,
            36.737204
          ],
          [
            -3.74742,
            36.737273
          ],
          [
            -3.747781,
            36.737445
          ],
          [
            -3.7479,
            36.737495
          ],
          [
            -3.748098,
            36.737582
          ],
          [
            -3.748252,
            36.737649
          ],
          [
            -3.748396,
            36.737711
          ],
          [
            -3.748535,
            36.737769
          ],
          [
            -3.74874,
            36.737853
          ],
          [
            -3.748821,
            36.737886
          ],
          [
            -3.74897,
            36.737942
          ],
          [
            -3.74921,
            36.738031
          ],
          [
            -3.749483,
            36.738132
          ],
          [
            -3.749793,
            36.738255
          ],
          [
            -3.749971,
            36.738306
          ],
          [
            -3.750309,
            36.738348
          ],
          [
            -3.751548,
            36.738475
          ],
          [
            -3.751816,
            36.7385
          ],
          [
            -3.752483,
            36.738569
          ],
          [
            -3.752585,
            36.73858
          ],
          [
            -3.752903,
            36.738614
          ],
          [
            -3.753438,
            36.738735
          ],
          [
            -3.753598,
            36.738777
          ],
          [
            -3.75373,
            36.738833
          ],
          [
            -3.754083,
            36.738897
          ],
          [
            -3.754353,
            36.738926
          ],
          [
            -3.754399,
            36.738906
          ],
          [
            -3.754416,
            36.738859
          ],
          [
            -3.754378,
            36.738836
          ],
          [
            -3.754221,
            36.738845
          ],
          [
            -3.75409,
            36.738837
          ],
          [
            -3.753598,
            36.738777
          ],
          [
            -3.753438,
            36.738735
          ],
          [
            -3.752903,
            36.738614
          ],
          [
            -3.752585,
            36.73858
          ],
          [
            -3.752483,
            36.738569
          ],
          [
            -3.751816,
            36.7385
          ],
          [
            -3.751548,
            36.738475
          ],
          [
            -3.750309,
            36.738348
          ],
          [
            -3.749971,
            36.738306
          ],
          [
            -3.749793,
            36.738255
          ],
          [
            -3.749483,
            36.738132
          ],
          [
            -3.74921,
            36.738031
          ],
          [
            -3.74897,
            36.737942
          ],
          [
            -3.748821,
            36.737886
          ],
          [
            -3.74874,
            36.737853
          ],
          [
            -3.748535,
            36.737769
          ],
          [
            -3.748396,
            36.737711
          ],
          [
            -3.748252,
            36.737649
          ],
          [
            -3.748098,
            36.737582
          ],
          [
            -3.7479,
            36.737495
          ],
          [
            -3.747781,
            36.737445
          ],
          [
            -3.74742,
            36.737273
          ],
          [
            -3.747283,
            36.737204
          ],
          [
            -3.746737,
            36.736931
          ],
          [
            -3.746256,
            36.736658
          ],
          [
            -3.746237,
            36.736649
          ],
          [
            -3.746148,
            36.736606
          ],
          [
            -3.746039,
            36.736548
          ],
          [
            -3.745955,
            36.736505
          ],
          [
            -3.745784,
            36.736412
          ],
          [
            -3.745676,
            36.736354
          ],
          [
            -3.745582,
            36.736302
          ],
          [
            -3.745426,
            36.736216
          ],
          [
            -3.745318,
            36.736156
          ],
          [
            -3.745253,
            36.736121
          ],
          [
            -3.745189,
            36.73609
          ],
          [
            -3.744897,
            36.735941
          ],
          [
            -3.744562,
            36.735743
          ],
          [
            -3.744286,
            36.735598
          ],
          [
            -3.74384,
            36.735363
          ],
          [
            -3.743722,
            36.7353
          ],
          [
            -3.743478,
            36.735167
          ],
          [
            -3.743362,
            36.735102
          ],
          [
            -3.743017,
            36.73491
          ],
          [
            -3.742814,
            36.734799
          ],
          [
            -3.742634,
            36.734698
          ],
          [
            -3.742414,
            36.734575
          ],
          [
            -3.742249,
            36.734476
          ],
          [
            -3.741971,
            36.734264
          ],
          [
            -3.741914,
            36.73422
          ],
          [
            -3.741743,
            36.734087
          ],
          [
            -3.741686,
            36.734042
          ],
          [
            -3.741594,
            36.733942
          ],
          [
            -3.741554,
            36.733918
          ],
          [
            -3.741547,
            36.733896
          ],
          [
            -3.741532,
            36.733877
          ],
          [
            -3.741509,
            36.733862
          ],
          [
            -3.741482,
            36.733854
          ],
          [
            -3.741427,
            36.733818
          ],
          [
            -3.741301,
            36.733744
          ],
          [
            -3.741255,
            36.733702
          ],
          [
            -3.741095,
            36.733585
          ],
          [
            -3.741055,
            36.733558
          ],
          [
            -3.741034,
            36.733542
          ],
          [
            -3.740956,
            36.733481
          ],
          [
            -3.740915,
            36.733518
          ],
          [
            -3.740446,
            36.733897
          ],
          [
            -3.740027,
            36.734254
          ],
          [
            -3.739837,
            36.734429
          ],
          [
            -3.739737,
            36.734525
          ],
          [
            -3.739559,
            36.734724
          ],
          [
            -3.739415,
            36.734908
          ],
          [
            -3.73939,
            36.734943
          ],
          [
            -3.739376,
            36.734965
          ],
          [
            -3.739193,
            36.735274
          ],
          [
            -3.739025,
            36.735554
          ],
          [
            -3.739077,
            36.735576
          ],
          [
            -3.739129,
            36.735599
          ],
          [
            -3.739153,
            36.73561
          ],
          [
            -3.739193,
            36.735608
          ],
          [
            -3.739361,
            36.735356
          ],
          [
            -3.739475,
            36.735321
          ],
          [
            -3.739539,
            36.735339
          ],
          [
            -3.739575,
            36.735373
          ],
          [
            -3.739581,
            36.735437
          ],
          [
            -3.739584,
            36.73547
          ],
          [
            -3.739546,
            36.735509
          ],
          [
            -3.739529,
            36.73556
          ],
          [
            -3.739494,
            36.735595
          ],
          [
            -3.739444,
            36.735706
          ],
          [
            -3.739353,
            36.735934
          ],
          [
            -3.739296,
            36.736158
          ],
          [
            -3.739148,
            36.736387
          ],
          [
            -3.739087,
            36.736478
          ],
          [
            -3.738942,
            36.736656
          ],
          [
            -3.738837,
            36.736804
          ],
          [
            -3.738446,
            36.737354
          ],
          [
            -3.738346,
            36.73751
          ],
          [
            -3.738274,
            36.737616
          ],
          [
            -3.738018,
            36.737997
          ],
          [
            -3.737885,
            36.738191
          ],
          [
            -3.737661,
            36.738517
          ],
          [
            -3.737464,
            36.738852
          ],
          [
            -3.737426,
            36.738907
          ],
          [
            -3.737363,
            36.73898
          ],
          [
            -3.7372,
            36.739128
          ],
          [
            -3.736989,
            36.73926
          ],
          [
            -3.736784,
            36.739339
          ],
          [
            -3.736562,
            36.739389
          ],
          [
            -3.736313,
            36.739406
          ],
          [
            -3.736139,
            36.739393
          ],
          [
            -3.735978,
            36.739364
          ],
          [
            -3.735831,
            36.739325
          ],
          [
            -3.735685,
            36.73927
          ],
          [
            -3.735549,
            36.739207
          ],
          [
            -3.735367,
            36.739082
          ],
          [
            -3.735193,
            36.738897
          ],
          [
            -3.735078,
            36.738708
          ],
          [
            -3.735013,
            36.738527
          ],
          [
            -3.734985,
            36.738273
          ],
          [
            -3.734943,
            36.737932
          ],
          [
            -3.73493,
            36.737828
          ],
          [
            -3.734895,
            36.737718
          ],
          [
            -3.734852,
            36.737622
          ],
          [
            -3.734788,
            36.737533
          ],
          [
            -3.734728,
            36.737451
          ],
          [
            -3.734653,
            36.737373
          ],
          [
            -3.734564,
            36.737291
          ],
          [
            -3.734465,
            36.737215
          ],
          [
            -3.734362,
            36.737141
          ],
          [
            -3.734243,
            36.737073
          ],
          [
            -3.73411,
            36.737017
          ],
          [
            -3.733965,
            36.736971
          ],
          [
            -3.733804,
            36.73693
          ],
          [
            -3.733638,
            36.736902
          ],
          [
            -3.732663,
            36.736837
          ],
          [
            -3.731857,
            36.736803
          ],
          [
            -3.731358,
            36.736775
          ],
          [
            -3.731018,
            36.736743
          ],
          [
            -3.730709,
            36.736717
          ],
          [
            -3.729936,
            36.736672
          ],
          [
            -3.729677,
            36.736655
          ],
          [
            -3.729444,
            36.736657
          ],
          [
            -3.729219,
            36.736697
          ],
          [
            -3.729041,
            36.736757
          ],
          [
            -3.728884,
            36.73684
          ],
          [
            -3.728734,
            36.736944
          ],
          [
            -3.728513,
            36.737152
          ],
          [
            -3.728377,
            36.737309
          ],
          [
            -3.728204,
            36.737504
          ],
          [
            -3.728051,
            36.73764
          ],
          [
            -3.727893,
            36.737741
          ],
          [
            -3.727742,
            36.737825
          ],
          [
            -3.72758,
            36.737894
          ],
          [
            -3.72734,
            36.737962
          ],
          [
            -3.727102,
            36.738012
          ],
          [
            -3.726828,
            36.738041
          ],
          [
            -3.726608,
            36.738042
          ],
          [
            -3.726387,
            36.738021
          ],
          [
            -3.72618,
            36.737982
          ],
          [
            -3.725873,
            36.737901
          ],
          [
            -3.72558,
            36.737788
          ],
          [
            -3.724994,
            36.737478
          ],
          [
            -3.724712,
            36.737377
          ],
          [
            -3.724431,
            36.737299
          ],
          [
            -3.724082,
            36.737228
          ],
          [
            -3.723731,
            36.737192
          ],
          [
            -3.723477,
            36.737189
          ],
          [
            -3.723329,
            36.737194
          ],
          [
            -3.723161,
            36.737197
          ],
          [
            -3.722904,
            36.73723
          ],
          [
            -3.722569,
            36.737296
          ],
          [
            -3.721794,
            36.737417
          ],
          [
            -3.721599,
            36.737432
          ],
          [
            -3.721419,
            36.737432
          ],
          [
            -3.721225,
            36.737408
          ],
          [
            -3.721057,
            36.737363
          ],
          [
            -3.720872,
            36.73729
          ],
          [
            -3.720709,
            36.737199
          ],
          [
            -3.720549,
            36.737088
          ],
          [
            -3.720252,
            36.736837
          ],
          [
            -3.720158,
            36.736766
          ],
          [
            -3.720018,
            36.736684
          ],
          [
            -3.719847,
            36.736618
          ],
          [
            -3.719686,
            36.73658
          ],
          [
            -3.719514,
            36.736555
          ],
          [
            -3.719355,
            36.736548
          ],
          [
            -3.719189,
            36.736562
          ],
          [
            -3.719002,
            36.736598
          ],
          [
            -3.718546,
            36.736713
          ],
          [
            -3.718277,
            36.736767
          ],
          [
            -3.718103,
            36.736786
          ],
          [
            -3.717983,
            36.736782
          ],
          [
            -3.717855,
            36.736769
          ],
          [
            -3.717731,
            36.736743
          ],
          [
            -3.71757,
            36.736698
          ],
          [
            -3.717436,
            36.736635
          ],
          [
            -3.71728,
            36.736534
          ],
          [
            -3.717151,
            36.73643
          ],
          [
            -3.717028,
            36.736291
          ],
          [
            -3.716743,
            36.735842
          ],
          [
            -3.716633,
            36.735704
          ],
          [
            -3.716512,
            36.735579
          ],
          [
            -3.716422,
            36.735514
          ],
          [
            -3.716272,
            36.735427
          ],
          [
            -3.716139,
            36.735368
          ],
          [
            -3.71596,
            36.735323
          ],
          [
            -3.715799,
            36.735302
          ],
          [
            -3.715625,
            36.735306
          ],
          [
            -3.715459,
            36.735341
          ],
          [
            -3.715361,
            36.735372
          ],
          [
            -3.715176,
            36.735463
          ],
          [
            -3.715048,
            36.735556
          ],
          [
            -3.714956,
            36.735658
          ],
          [
            -3.714874,
            36.735778
          ],
          [
            -3.714826,
            36.735916
          ],
          [
            -3.7148,
            36.736056
          ],
          [
            -3.714808,
            36.736212
          ],
          [
            -3.714874,
            36.736773
          ],
          [
            -3.714875,
            36.736825
          ],
          [
            -3.714878,
            36.736945
          ],
          [
            -3.714857,
            36.737108
          ],
          [
            -3.71481,
            36.737259
          ],
          [
            -3.714752,
            36.737399
          ],
          [
            -3.71467,
            36.737531
          ],
          [
            -3.714559,
            36.737668
          ],
          [
            -3.714439,
            36.737773
          ],
          [
            -3.714331,
            36.73786
          ],
          [
            -3.714107,
            36.737995
          ],
          [
            -3.713916,
            36.738065
          ],
          [
            -3.713759,
            36.73811
          ],
          [
            -3.713611,
            36.738142
          ],
          [
            -3.713364,
            36.738166
          ],
          [
            -3.713142,
            36.738159
          ],
          [
            -3.712939,
            36.73813
          ],
          [
            -3.712741,
            36.738075
          ],
          [
            -3.712546,
            36.738002
          ],
          [
            -3.712405,
            36.737925
          ],
          [
            -3.712272,
            36.737842
          ],
          [
            -3.711923,
            36.737608
          ],
          [
            -3.711561,
            36.737361
          ],
          [
            -3.711467,
            36.737293
          ],
          [
            -3.7105,
            36.736634
          ],
          [
            -3.710309,
            36.736532
          ],
          [
            -3.710207,
            36.736488
          ],
          [
            -3.710015,
            36.736433
          ],
          [
            -3.709799,
            36.7364
          ],
          [
            -3.709586,
            36.736398
          ],
          [
            -3.709344,
            36.736443
          ],
          [
            -3.70914,
            36.736516
          ],
          [
            -3.708982,
            36.736613
          ],
          [
            -3.708862,
            36.736712
          ],
          [
            -3.708753,
            36.736841
          ],
          [
            -3.708676,
            36.736995
          ],
          [
            -3.708629,
            36.737096
          ],
          [
            -3.708373,
            36.737732
          ],
          [
            -3.708255,
            36.738025
          ],
          [
            -3.70822,
            36.738098
          ],
          [
            -3.708082,
            36.738123
          ],
          [
            -3.70796,
            36.738227
          ],
          [
            -3.707942,
            36.738397
          ],
          [
            -3.707893,
            36.73852
          ],
          [
            -3.70748,
            36.738737
          ],
          [
            -3.70731,
            36.738854
          ],
          [
            -3.706627,
            36.739459
          ],
          [
            -3.70648,
            36.739649
          ],
          [
            -3.706396,
            36.739845
          ],
          [
            -3.706362,
            36.74002
          ],
          [
            -3.706382,
            36.740323
          ],
          [
            -3.70638,
            36.740451
          ],
          [
            -3.706353,
            36.740569
          ],
          [
            -3.706307,
            36.740664
          ],
          [
            -3.706242,
            36.740747
          ],
          [
            -3.706166,
            36.740819
          ],
          [
            -3.706068,
            36.740884
          ],
          [
            -3.705945,
            36.740941
          ],
          [
            -3.705821,
            36.740976
          ],
          [
            -3.705682,
            36.740989
          ],
          [
            -3.70552,
            36.740971
          ],
          [
            -3.705387,
            36.740919
          ],
          [
            -3.705258,
            36.740836
          ],
          [
            -3.704259,
            36.740079
          ],
          [
            -3.704108,
            36.739977
          ],
          [
            -3.703934,
            36.739885
          ],
          [
            -3.703749,
            36.739817
          ],
          [
            -3.703531,
            36.739764
          ],
          [
            -3.703311,
            36.739743
          ],
          [
            -3.703062,
            36.739753
          ],
          [
            -3.702773,
            36.739807
          ],
          [
            -3.702484,
            36.739906
          ],
          [
            -3.701933,
            36.74014
          ],
          [
            -3.701743,
            36.740203
          ],
          [
            -3.701571,
            36.740237
          ],
          [
            -3.701393,
            36.740251
          ],
          [
            -3.701191,
            36.740229
          ],
          [
            -3.700683,
            36.740126
          ],
          [
            -3.700463,
            36.740099
          ],
          [
            -3.70025,
            36.740091
          ],
          [
            -3.700004,
            36.740102
          ],
          [
            -3.699742,
            36.740128
          ],
          [
            -3.699364,
            36.740201
          ],
          [
            -3.699224,
            36.740229
          ],
          [
            -3.699042,
            36.740257
          ],
          [
            -3.698934,
            36.740266
          ],
          [
            -3.698874,
            36.740271
          ],
          [
            -3.698682,
            36.740214
          ],
          [
            -3.698587,
            36.740171
          ],
          [
            -3.698529,
            36.7401
          ],
          [
            -3.698432,
            36.739898
          ],
          [
            -3.69839,
            36.739713
          ],
          [
            -3.698367,
            36.739631
          ],
          [
            -3.698281,
            36.739401
          ],
          [
            -3.69821,
            36.73926
          ],
          [
            -3.698146,
            36.739175
          ],
          [
            -3.698078,
            36.739112
          ],
          [
            -3.697909,
            36.738997
          ],
          [
            -3.697854,
            36.738967
          ],
          [
            -3.697358,
            36.738701
          ],
          [
            -3.696017,
            36.737999
          ],
          [
            -3.69581,
            36.737898
          ],
          [
            -3.695725,
            36.737856
          ],
          [
            -3.69534,
            36.737667
          ],
          [
            -3.69526,
            36.737625
          ],
          [
            -3.695097,
            36.73754
          ],
          [
            -3.694934,
            36.737455
          ],
          [
            -3.694763,
            36.737365
          ],
          [
            -3.694523,
            36.73724
          ],
          [
            -3.694519,
            36.737237
          ],
          [
            -3.694465,
            36.737209
          ],
          [
            -3.694111,
            36.737021
          ],
          [
            -3.693749,
            36.736834
          ],
          [
            -3.693268,
            36.736589
          ],
          [
            -3.693016,
            36.736453
          ],
          [
            -3.692744,
            36.736302
          ],
          [
            -3.692726,
            36.736291
          ],
          [
            -3.692617,
            36.736235
          ],
          [
            -3.692604,
            36.736228
          ],
          [
            -3.692572,
            36.736199
          ],
          [
            -3.692347,
            36.736083
          ],
          [
            -3.692119,
            36.73597
          ],
          [
            -3.69207,
            36.735943
          ],
          [
            -3.691892,
            36.735863
          ],
          [
            -3.691845,
            36.735841
          ],
          [
            -3.691801,
            36.735816
          ],
          [
            -3.691678,
            36.735754
          ],
          [
            -3.691448,
            36.735637
          ],
          [
            -3.691223,
            36.735525
          ],
          [
            -3.691157,
            36.735481
          ],
          [
            -3.691104,
            36.73544
          ],
          [
            -3.690964,
            36.73544
          ],
          [
            -3.690889,
            36.735481
          ],
          [
            -3.690583,
            36.735779
          ],
          [
            -3.690517,
            36.735835
          ],
          [
            -3.690459,
            36.735855
          ],
          [
            -3.690355,
            36.735862
          ],
          [
            -3.690309,
            36.735865
          ],
          [
            -3.690251,
            36.735902
          ],
          [
            -3.690196,
            36.735884
          ]
        ]
      },
      "properties": {
        "shape_id": "ALM_2A_CIRC",
        "source_id": "osm_route_relations",
        "confidence": "medium"
      }
    },
    {
      "type": "Feature",
      "id": "ALM_2B_CIRC_SUMMER",
      "geometry": {
        "type": "LineString",
        "coordinates": [
          [
            -3.690196,
            36.735884
          ],
          [
            -3.690137,
            36.735887
          ],
          [
            -3.690082,
            36.735912
          ],
          [
            -3.690047,
            36.735955
          ],
          [
            -3.69004,
            36.736005
          ],
          [
            -3.690062,
            36.736053
          ],
          [
            -3.6901,
            36.736083
          ],
          [
            -3.69002,
            36.736121
          ],
          [
            -3.690069,
            36.73621
          ],
          [
            -3.690094,
            36.736291
          ],
          [
            -3.690111,
            36.736376
          ],
          [
            -3.690123,
            36.736429
          ],
          [
            -3.690104,
            36.736471
          ],
          [
            -3.690113,
            36.736516
          ],
          [
            -3.690146,
            36.736552
          ],
          [
            -3.690209,
            36.736573
          ],
          [
            -3.690276,
            36.736562
          ],
          [
            -3.690324,
            36.736523
          ],
          [
            -3.690387,
            36.736582
          ],
          [
            -3.690588,
            36.736814
          ],
          [
            -3.69091,
            36.736623
          ],
          [
            -3.690758,
            36.73644
          ],
          [
            -3.691026,
            36.736267
          ],
          [
            -3.691056,
            36.736289
          ],
          [
            -3.691162,
            36.736418
          ],
          [
            -3.691259,
            36.73655
          ],
          [
            -3.691434,
            36.736736
          ],
          [
            -3.691762,
            36.736373
          ],
          [
            -3.692008,
            36.736019
          ],
          [
            -3.69207,
            36.735943
          ],
          [
            -3.692119,
            36.73597
          ],
          [
            -3.692347,
            36.736083
          ],
          [
            -3.692572,
            36.736199
          ],
          [
            -3.692604,
            36.736228
          ],
          [
            -3.692617,
            36.736235
          ],
          [
            -3.692726,
            36.736291
          ],
          [
            -3.692744,
            36.736302
          ],
          [
            -3.693016,
            36.736453
          ],
          [
            -3.693268,
            36.736589
          ],
          [
            -3.693749,
            36.736834
          ],
          [
            -3.694111,
            36.737021
          ],
          [
            -3.694465,
            36.737209
          ],
          [
            -3.694519,
            36.737237
          ],
          [
            -3.694523,
            36.73724
          ],
          [
            -3.694763,
            36.737365
          ],
          [
            -3.694934,
            36.737455
          ],
          [
            -3.695097,
            36.73754
          ],
          [
            -3.69526,
            36.737625
          ],
          [
            -3.69534,
            36.737667
          ],
          [
            -3.695725,
            36.737856
          ],
          [
            -3.69581,
            36.737898
          ],
          [
            -3.696017,
            36.737999
          ],
          [
            -3.697358,
            36.738701
          ],
          [
            -3.697854,
            36.738967
          ],
          [
            -3.697909,
            36.738997
          ],
          [
            -3.698078,
            36.739112
          ],
          [
            -3.698146,
            36.739175
          ],
          [
            -3.69821,
            36.73926
          ],
          [
            -3.698281,
            36.739401
          ],
          [
            -3.698367,
            36.739631
          ],
          [
            -3.69839,
            36.739713
          ],
          [
            -3.698432,
            36.739898
          ],
          [
            -3.698529,
            36.7401
          ],
          [
            -3.698587,
            36.740171
          ],
          [
            -3.698682,
            36.740214
          ],
          [
            -3.698874,
            36.740271
          ],
          [
            -3.698934,
            36.740266
          ],
          [
            -3.699042,
            36.740257
          ],
          [
            -3.699224,
            36.740229
          ],
          [
            -3.699364,
            36.740201
          ],
          [
            -3.699742,
            36.740128
          ],
          [
            -3.700004,
            36.740102
          ],
          [
            -3.70025,
            36.740091
          ],
          [
            -3.700463,
            36.740099
          ],
          [
            -3.700683,
            36.740126
          ],
          [
            -3.701191,
            36.740229
          ],
          [
            -3.701393,
            36.740251
          ],
          [
            -3.701571,
            36.740237
          ],
          [
            -3.701743,
            36.740203
          ],
          [
            -3.701933,
            36.74014
          ],
          [
            -3.702484,
            36.739906
          ],
          [
            -3.702773,
            36.739807
          ],
          [
            -3.703062,
            36.739753
          ],
          [
            -3.703311,
            36.739743
          ],
          [
            -3.703531,
            36.739764
          ],
          [
            -3.703749,
            36.739817
          ],
          [
            -3.703934,
            36.739885
          ],
          [
            -3.704108,
            36.739977
          ],
          [
            -3.704259,
            36.740079
          ],
          [
            -3.705258,
            36.740836
          ],
          [
            -3.705387,
            36.740919
          ],
          [
            -3.70552,
            36.740971
          ],
          [
            -3.705682,
            36.740989
          ],
          [
            -3.705821,
            36.740976
          ],
          [
            -3.705945,
            36.740941
          ],
          [
            -3.706068,
            36.740884
          ],
          [
            -3.706166,
            36.740819
          ],
          [
            -3.706242,
            36.740747
          ],
          [
            -3.706307,
            36.740664
          ],
          [
            -3.706353,
            36.740569
          ],
          [
            -3.70638,
            36.740451
          ],
          [
            -3.706382,
            36.740323
          ],
          [
            -3.706362,
            36.74002
          ],
          [
            -3.706396,
            36.739845
          ],
          [
            -3.70648,
            36.739649
          ],
          [
            -3.706627,
            36.739459
          ],
          [
            -3.70731,
            36.738854
          ],
          [
            -3.70748,
            36.738737
          ],
          [
            -3.707893,
            36.73852
          ],
          [
            -3.708017,
            36.738417
          ],
          [
            -3.708104,
            36.738309
          ],
          [
            -3.708183,
            36.738168
          ],
          [
            -3.70822,
            36.738098
          ],
          [
            -3.708255,
            36.738025
          ],
          [
            -3.708373,
            36.737732
          ],
          [
            -3.708629,
            36.737096
          ],
          [
            -3.708676,
            36.736995
          ],
          [
            -3.708753,
            36.736841
          ],
          [
            -3.708862,
            36.736712
          ],
          [
            -3.708982,
            36.736613
          ],
          [
            -3.70914,
            36.736516
          ],
          [
            -3.709344,
            36.736443
          ],
          [
            -3.709586,
            36.736398
          ],
          [
            -3.709799,
            36.7364
          ],
          [
            -3.710015,
            36.736433
          ],
          [
            -3.710207,
            36.736488
          ],
          [
            -3.710309,
            36.736532
          ],
          [
            -3.7105,
            36.736634
          ],
          [
            -3.711467,
            36.737293
          ],
          [
            -3.711561,
            36.737361
          ],
          [
            -3.711923,
            36.737608
          ],
          [
            -3.712272,
            36.737842
          ],
          [
            -3.712405,
            36.737925
          ],
          [
            -3.712546,
            36.738002
          ],
          [
            -3.712741,
            36.738075
          ],
          [
            -3.712939,
            36.73813
          ],
          [
            -3.713142,
            36.738159
          ],
          [
            -3.713364,
            36.738166
          ],
          [
            -3.713611,
            36.738142
          ],
          [
            -3.713759,
            36.73811
          ],
          [
            -3.713916,
            36.738065
          ],
          [
            -3.714107,
            36.737995
          ],
          [
            -3.714331,
            36.73786
          ],
          [
            -3.714439,
            36.737773
          ],
          [
            -3.714559,
            36.737668
          ],
          [
            -3.71467,
            36.737531
          ],
          [
            -3.714752,
            36.737399
          ],
          [
            -3.71481,
            36.737259
          ],
          [
            -3.714857,
            36.737108
          ],
          [
            -3.714878,
            36.736945
          ],
          [
            -3.714875,
            36.736825
          ],
          [
            -3.714874,
            36.736773
          ],
          [
            -3.714808,
            36.736212
          ],
          [
            -3.7148,
            36.736056
          ],
          [
            -3.714826,
            36.735916
          ],
          [
            -3.714874,
            36.735778
          ],
          [
            -3.714956,
            36.735658
          ],
          [
            -3.715048,
            36.735556
          ],
          [
            -3.715176,
            36.735463
          ],
          [
            -3.715361,
            36.735372
          ],
          [
            -3.715459,
            36.735341
          ],
          [
            -3.715625,
            36.735306
          ],
          [
            -3.715799,
            36.735302
          ],
          [
            -3.71596,
            36.735323
          ],
          [
            -3.716139,
            36.735368
          ],
          [
            -3.716272,
            36.735427
          ],
          [
            -3.716422,
            36.735514
          ],
          [
            -3.716512,
            36.735579
          ],
          [
            -3.716633,
            36.735704
          ],
          [
            -3.716743,
            36.735842
          ],
          [
            -3.717028,
            36.736291
          ],
          [
            -3.717151,
            36.73643
          ],
          [
            -3.71728,
            36.736534
          ],
          [
            -3.717436,
            36.736635
          ],
          [
            -3.71757,
            36.736698
          ],
          [
            -3.717731,
            36.736743
          ],
          [
            -3.717855,
            36.736769
          ],
          [
            -3.717983,
            36.736782
          ],
          [
            -3.718103,
            36.736786
          ],
          [
            -3.718277,
            36.736767
          ],
          [
            -3.718546,
            36.736713
          ],
          [
            -3.719002,
            36.736598
          ],
          [
            -3.719189,
            36.736562
          ],
          [
            -3.719355,
            36.736548
          ],
          [
            -3.719514,
            36.736555
          ],
          [
            -3.719686,
            36.73658
          ],
          [
            -3.719847,
            36.736618
          ],
          [
            -3.720018,
            36.736684
          ],
          [
            -3.720158,
            36.736766
          ],
          [
            -3.720252,
            36.736837
          ],
          [
            -3.720549,
            36.737088
          ],
          [
            -3.720709,
            36.737199
          ],
          [
            -3.720872,
            36.73729
          ],
          [
            -3.721057,
            36.737363
          ],
          [
            -3.721225,
            36.737408
          ],
          [
            -3.721419,
            36.737432
          ],
          [
            -3.721599,
            36.737432
          ],
          [
            -3.721794,
            36.737417
          ],
          [
            -3.722569,
            36.737296
          ],
          [
            -3.722904,
            36.73723
          ],
          [
            -3.723161,
            36.737197
          ],
          [
            -3.723329,
            36.737194
          ],
          [
            -3.723477,
            36.737189
          ],
          [
            -3.723731,
            36.737192
          ],
          [
            -3.724082,
            36.737228
          ],
          [
            -3.724431,
            36.737299
          ],
          [
            -3.724712,
            36.737377
          ],
          [
            -3.724994,
            36.737478
          ],
          [
            -3.72558,
            36.737788
          ],
          [
            -3.725873,
            36.737901
          ],
          [
            -3.72618,
            36.737982
          ],
          [
            -3.726387,
            36.738021
          ],
          [
            -3.726608,
            36.738042
          ],
          [
            -3.726828,
            36.738041
          ],
          [
            -3.727102,
            36.738012
          ],
          [
            -3.72734,
            36.737962
          ],
          [
            -3.72758,
            36.737894
          ],
          [
            -3.727742,
            36.737825
          ],
          [
            -3.727893,
            36.737741
          ],
          [
            -3.728051,
            36.73764
          ],
          [
            -3.728204,
            36.737504
          ],
          [
            -3.728377,
            36.737309
          ],
          [
            -3.728513,
            36.737152
          ],
          [
            -3.728734,
            36.736944
          ],
          [
            -3.728884,
            36.73684
          ],
          [
            -3.729041,
            36.736757
          ],
          [
            -3.729219,
            36.736697
          ],
          [
            -3.729444,
            36.736657
          ],
          [
            -3.729677,
            36.736655
          ],
          [
            -3.729936,
            36.736672
          ],
          [
            -3.730709,
            36.736717
          ],
          [
            -3.731018,
            36.736743
          ],
          [
            -3.731358,
            36.736775
          ],
          [
            -3.731857,
            36.736803
          ],
          [
            -3.732663,
            36.736837
          ],
          [
            -3.733638,
            36.736902
          ],
          [
            -3.733804,
            36.73693
          ],
          [
            -3.733965,
            36.736971
          ],
          [
            -3.73411,
            36.737017
          ],
          [
            -3.734243,
            36.737073
          ],
          [
            -3.734362,
            36.737141
          ],
          [
            -3.734465,
            36.737215
          ],
          [
            -3.734564,
            36.737291
          ],
          [
            -3.734653,
            36.737373
          ],
          [
            -3.734728,
            36.737451
          ],
          [
            -3.734788,
            36.737533
          ],
          [
            -3.734852,
            36.737622
          ],
          [
            -3.734895,
            36.737718
          ],
          [
            -3.73493,
            36.737828
          ],
          [
            -3.734943,
            36.737932
          ],
          [
            -3.734985,
            36.738273
          ],
          [
            -3.735013,
            36.738527
          ],
          [
            -3.735078,
            36.738708
          ],
          [
            -3.735193,
            36.738897
          ],
          [
            -3.735367,
            36.739082
          ],
          [
            -3.735549,
            36.739207
          ],
          [
            -3.735685,
            36.73927
          ],
          [
            -3.735831,
            36.739325
          ],
          [
            -3.735978,
            36.739364
          ],
          [
            -3.736139,
            36.739393
          ],
          [
            -3.736313,
            36.739406
          ],
          [
            -3.736562,
            36.739389
          ],
          [
            -3.736784,
            36.739339
          ],
          [
            -3.736989,
            36.73926
          ],
          [
            -3.7372,
            36.739128
          ],
          [
            -3.737363,
            36.73898
          ],
          [
            -3.737426,
            36.738907
          ],
          [
            -3.737464,
            36.738852
          ],
          [
            -3.737574,
            36.738766
          ],
          [
            -3.737695,
            36.738601
          ],
          [
            -3.738071,
            36.738036
          ],
          [
            -3.738281,
            36.737736
          ],
          [
            -3.738602,
            36.73726
          ],
          [
            -3.738987,
            36.736681
          ],
          [
            -3.739087,
            36.736478
          ],
          [
            -3.739148,
            36.736387
          ],
          [
            -3.739296,
            36.736158
          ],
          [
            -3.739483,
            36.735922
          ],
          [
            -3.739613,
            36.735809
          ],
          [
            -3.739763,
            36.73574
          ],
          [
            -3.739868,
            36.735706
          ],
          [
            -3.739883,
            36.73563
          ],
          [
            -3.739908,
            36.735557
          ],
          [
            -3.739914,
            36.735483
          ],
          [
            -3.739854,
            36.735439
          ],
          [
            -3.73978,
            36.735415
          ],
          [
            -3.739616,
            36.735345
          ],
          [
            -3.739551,
            36.735288
          ],
          [
            -3.739537,
            36.735227
          ],
          [
            -3.739578,
            36.735163
          ],
          [
            -3.739642,
            36.735138
          ],
          [
            -3.739973,
            36.735149
          ],
          [
            -3.740169,
            36.735052
          ],
          [
            -3.740229,
            36.734998
          ],
          [
            -3.740369,
            36.734869
          ],
          [
            -3.740617,
            36.734646
          ],
          [
            -3.740647,
            36.734619
          ],
          [
            -3.740722,
            36.734552
          ],
          [
            -3.740754,
            36.734521
          ],
          [
            -3.740875,
            36.734407
          ],
          [
            -3.740982,
            36.734305
          ],
          [
            -3.741014,
            36.734278
          ],
          [
            -3.741189,
            36.734123
          ],
          [
            -3.741225,
            36.734091
          ],
          [
            -3.741274,
            36.734051
          ],
          [
            -3.741339,
            36.734014
          ],
          [
            -3.741366,
            36.733998
          ],
          [
            -3.741405,
            36.733975
          ],
          [
            -3.741427,
            36.733987
          ],
          [
            -3.741451,
            36.733994
          ],
          [
            -3.741477,
            36.733994
          ],
          [
            -3.741502,
            36.733989
          ],
          [
            -3.741556,
            36.734002
          ],
          [
            -3.741686,
            36.734042
          ],
          [
            -3.741743,
            36.734087
          ],
          [
            -3.741914,
            36.73422
          ],
          [
            -3.741971,
            36.734264
          ],
          [
            -3.742249,
            36.734476
          ],
          [
            -3.742414,
            36.734575
          ],
          [
            -3.742634,
            36.734698
          ],
          [
            -3.742814,
            36.734799
          ],
          [
            -3.743017,
            36.73491
          ],
          [
            -3.743362,
            36.735102
          ],
          [
            -3.743478,
            36.735167
          ],
          [
            -3.743722,
            36.7353
          ],
          [
            -3.74384,
            36.735363
          ],
          [
            -3.744286,
            36.735598
          ],
          [
            -3.744562,
            36.735743
          ],
          [
            -3.744897,
            36.735941
          ],
          [
            -3.745189,
            36.73609
          ],
          [
            -3.745253,
            36.736121
          ],
          [
            -3.745318,
            36.736156
          ],
          [
            -3.745426,
            36.736216
          ],
          [
            -3.745582,
            36.736302
          ],
          [
            -3.745676,
            36.736354
          ],
          [
            -3.745784,
            36.736412
          ],
          [
            -3.745955,
            36.736505
          ],
          [
            -3.746039,
            36.736548
          ],
          [
            -3.746148,
            36.736606
          ],
          [
            -3.746237,
            36.736649
          ],
          [
            -3.746256,
            36.736658
          ],
          [
            -3.746737,
            36.736931
          ],
          [
            -3.747283,
            36.737204
          ],
          [
            -3.74742,
            36.737273
          ],
          [
            -3.747781,
            36.737445
          ],
          [
            -3.7479,
            36.737495
          ],
          [
            -3.748098,
            36.737582
          ],
          [
            -3.748252,
            36.737649
          ],
          [
            -3.748396,
            36.737711
          ],
          [
            -3.748535,
            36.737769
          ],
          [
            -3.74874,
            36.737853
          ],
          [
            -3.748821,
            36.737886
          ],
          [
            -3.74897,
            36.737942
          ],
          [
            -3.74921,
            36.738031
          ],
          [
            -3.749483,
            36.738132
          ],
          [
            -3.749793,
            36.738255
          ],
          [
            -3.749971,
            36.738306
          ],
          [
            -3.750309,
            36.738348
          ],
          [
            -3.751548,
            36.738475
          ],
          [
            -3.751816,
            36.7385
          ],
          [
            -3.752483,
            36.738569
          ],
          [
            -3.752585,
            36.73858
          ],
          [
            -3.752903,
            36.738614
          ],
          [
            -3.753438,
            36.738735
          ],
          [
            -3.753598,
            36.738777
          ],
          [
            -3.75373,
            36.738833
          ],
          [
            -3.754083,
            36.738897
          ],
          [
            -3.754353,
            36.738926
          ],
          [
            -3.754399,
            36.738906
          ],
          [
            -3.754416,
            36.738859
          ],
          [
            -3.754378,
            36.738836
          ],
          [
            -3.754221,
            36.738845
          ],
          [
            -3.75409,
            36.738837
          ],
          [
            -3.753598,
            36.738777
          ],
          [
            -3.753438,
            36.738735
          ],
          [
            -3.752903,
            36.738614
          ],
          [
            -3.752585,
            36.73858
          ],
          [
            -3.752483,
            36.738569
          ],
          [
            -3.751816,
            36.7385
          ],
          [
            -3.751548,
            36.738475
          ],
          [
            -3.750309,
            36.738348
          ],
          [
            -3.749971,
            36.738306
          ],
          [
            -3.749793,
            36.738255
          ],
          [
            -3.749483,
            36.738132
          ],
          [
            -3.74921,
            36.738031
          ],
          [
            -3.74897,
            36.737942
          ],
          [
            -3.748821,
            36.737886
          ],
          [
            -3.74874,
            36.737853
          ],
          [
            -3.748535,
            36.737769
          ],
          [
            -3.748396,
            36.737711
          ],
          [
            -3.748252,
            36.737649
          ],
          [
            -3.748098,
            36.737582
          ],
          [
            -3.7479,
            36.737495
          ],
          [
            -3.747781,
            36.737445
          ],
          [
            -3.74742,
            36.737273
          ],
          [
            -3.747283,
            36.737204
          ],
          [
            -3.746737,
            36.736931
          ],
          [
            -3.746256,
            36.736658
          ],
          [
            -3.746237,
            36.736649
          ],
          [
            -3.746148,
            36.736606
          ],
          [
            -3.746039,
            36.736548
          ],
          [
            -3.745955,
            36.736505
          ],
          [
            -3.745784,
            36.736412
          ],
          [
            -3.745676,
            36.736354
          ],
          [
            -3.745582,
            36.736302
          ],
          [
            -3.745426,
            36.736216
          ],
          [
            -3.745318,
            36.736156
          ],
          [
            -3.745253,
            36.736121
          ],
          [
            -3.745189,
            36.73609
          ],
          [
            -3.744897,
            36.735941
          ],
          [
            -3.744562,
            36.735743
          ],
          [
            -3.744286,
            36.735598
          ],
          [
            -3.74384,
            36.735363
          ],
          [
            -3.743722,
            36.7353
          ],
          [
            -3.743478,
            36.735167
          ],
          [
            -3.743362,
            36.735102
          ],
          [
            -3.743017,
            36.73491
          ],
          [
            -3.742814,
            36.734799
          ],
          [
            -3.742634,
            36.734698
          ],
          [
            -3.742414,
            36.734575
          ],
          [
            -3.742249,
            36.734476
          ],
          [
            -3.741971,
            36.734264
          ],
          [
            -3.741914,
            36.73422
          ],
          [
            -3.741743,
            36.734087
          ],
          [
            -3.741686,
            36.734042
          ],
          [
            -3.741594,
            36.733942
          ],
          [
            -3.741554,
            36.733918
          ],
          [
            -3.741547,
            36.733896
          ],
          [
            -3.741532,
            36.733877
          ],
          [
            -3.741509,
            36.733862
          ],
          [
            -3.741482,
            36.733854
          ],
          [
            -3.741427,
            36.733818
          ],
          [
            -3.741301,
            36.733744
          ],
          [
            -3.741255,
            36.733702
          ],
          [
            -3.741095,
            36.733585
          ],
          [
            -3.741055,
            36.733558
          ],
          [
            -3.741034,
            36.733542
          ],
          [
            -3.740956,
            36.733481
          ],
          [
            -3.74083,
            36.733381
          ],
          [
            -3.740687,
            36.733268
          ],
          [
            -3.740611,
            36.733207
          ],
          [
            -3.740547,
            36.733156
          ],
          [
            -3.74046,
            36.733088
          ],
          [
            -3.740261,
            36.73293
          ],
          [
            -3.740146,
            36.732839
          ],
          [
            -3.739862,
            36.732633
          ],
          [
            -3.739747,
            36.732542
          ],
          [
            -3.739642,
            36.732461
          ],
          [
            -3.739431,
            36.732294
          ],
          [
            -3.739353,
            36.732233
          ],
          [
            -3.739192,
            36.732096
          ],
          [
            -3.738954,
            36.731893
          ],
          [
            -3.738913,
            36.731858
          ],
          [
            -3.738795,
            36.731751
          ],
          [
            -3.738694,
            36.73167
          ],
          [
            -3.738415,
            36.731439
          ],
          [
            -3.738344,
            36.731378
          ],
          [
            -3.738237,
            36.731284
          ],
          [
            -3.737951,
            36.731042
          ],
          [
            -3.737883,
            36.730981
          ],
          [
            -3.737844,
            36.730946
          ],
          [
            -3.737797,
            36.730907
          ],
          [
            -3.737595,
            36.730727
          ],
          [
            -3.737317,
            36.730483
          ],
          [
            -3.737259,
            36.730429
          ],
          [
            -3.737142,
            36.730323
          ],
          [
            -3.736887,
            36.730091
          ],
          [
            -3.736692,
            36.729919
          ],
          [
            -3.736538,
            36.729791
          ],
          [
            -3.736431,
            36.729701
          ],
          [
            -3.736326,
            36.729613
          ],
          [
            -3.736276,
            36.729572
          ],
          [
            -3.736163,
            36.729478
          ],
          [
            -3.736075,
            36.72938
          ],
          [
            -3.73605,
            36.729323
          ],
          [
            -3.736041,
            36.729028
          ],
          [
            -3.736039,
            36.72871
          ],
          [
            -3.736001,
            36.728623
          ],
          [
            -3.735825,
            36.728504
          ],
          [
            -3.735448,
            36.728389
          ],
          [
            -3.735261,
            36.728271
          ],
          [
            -3.735115,
            36.728063
          ],
          [
            -3.735036,
            36.727677
          ],
          [
            -3.735025,
            36.727437
          ],
          [
            -3.735108,
            36.727198
          ],
          [
            -3.735216,
            36.727025
          ],
          [
            -3.735314,
            36.726857
          ],
          [
            -3.735294,
            36.726592
          ],
          [
            -3.735193,
            36.726212
          ],
          [
            -3.735135,
            36.725917
          ],
          [
            -3.735111,
            36.725829
          ],
          [
            -3.735043,
            36.725578
          ],
          [
            -3.73502,
            36.725495
          ],
          [
            -3.734959,
            36.725456
          ],
          [
            -3.734905,
            36.725442
          ],
          [
            -3.734838,
            36.725454
          ],
          [
            -3.734814,
            36.725482
          ],
          [
            -3.734789,
            36.725522
          ],
          [
            -3.734783,
            36.725575
          ],
          [
            -3.734869,
            36.725888
          ],
          [
            -3.734877,
            36.725915
          ],
          [
            -3.734851,
            36.726233
          ],
          [
            -3.734631,
            36.726616
          ],
          [
            -3.734528,
            36.726891
          ],
          [
            -3.734444,
            36.727254
          ],
          [
            -3.734319,
            36.727364
          ],
          [
            -3.733841,
            36.727479
          ],
          [
            -3.733763,
            36.727537
          ],
          [
            -3.733757,
            36.72767
          ],
          [
            -3.733797,
            36.727748
          ],
          [
            -3.733824,
            36.727811
          ],
          [
            -3.733902,
            36.728168
          ],
          [
            -3.733948,
            36.728431
          ],
          [
            -3.734027,
            36.728687
          ],
          [
            -3.73399,
            36.728737
          ],
          [
            -3.733921,
            36.728755
          ],
          [
            -3.733566,
            36.728512
          ],
          [
            -3.733501,
            36.728478
          ],
          [
            -3.733255,
            36.72835
          ],
          [
            -3.732971,
            36.72811
          ],
          [
            -3.732895,
            36.728088
          ],
          [
            -3.732818,
            36.728105
          ],
          [
            -3.732698,
            36.728088
          ],
          [
            -3.73251,
            36.728051
          ],
          [
            -3.732407,
            36.728045
          ],
          [
            -3.73229,
            36.72804
          ],
          [
            -3.732131,
            36.728039
          ],
          [
            -3.732002,
            36.728029
          ],
          [
            -3.731971,
            36.728027
          ],
          [
            -3.731867,
            36.728091
          ],
          [
            -3.731648,
            36.72811
          ],
          [
            -3.731184,
            36.72811
          ],
          [
            -3.731103,
            36.728061
          ],
          [
            -3.731017,
            36.727928
          ],
          [
            -3.730918,
            36.727876
          ],
          [
            -3.730837,
            36.727805
          ],
          [
            -3.73067,
            36.727619
          ],
          [
            -3.730621,
            36.727477
          ],
          [
            -3.730616,
            36.727255
          ],
          [
            -3.730716,
            36.727001
          ],
          [
            -3.730933,
            36.726508
          ],
          [
            -3.731037,
            36.726209
          ],
          [
            -3.730748,
            36.725739
          ],
          [
            -3.730639,
            36.725563
          ],
          [
            -3.730815,
            36.724883
          ],
          [
            -3.730902,
            36.724597
          ],
          [
            -3.730962,
            36.724524
          ],
          [
            -3.731054,
            36.724473
          ],
          [
            -3.73115,
            36.724429
          ],
          [
            -3.73123,
            36.724359
          ],
          [
            -3.731237,
            36.724268
          ],
          [
            -3.731149,
            36.724062
          ],
          [
            -3.730997,
            36.723896
          ],
          [
            -3.730899,
            36.723651
          ],
          [
            -3.73087,
            36.723424
          ],
          [
            -3.730788,
            36.723358
          ],
          [
            -3.730699,
            36.723371
          ],
          [
            -3.730656,
            36.723392
          ],
          [
            -3.73063,
            36.723438
          ],
          [
            -3.730641,
            36.723548
          ],
          [
            -3.73067,
            36.72371
          ],
          [
            -3.730795,
            36.724008
          ],
          [
            -3.730805,
            36.724086
          ],
          [
            -3.730759,
            36.724184
          ],
          [
            -3.730358,
            36.724285
          ],
          [
            -3.730073,
            36.724368
          ],
          [
            -3.729834,
            36.724486
          ],
          [
            -3.729456,
            36.725153
          ],
          [
            -3.728893,
            36.7257
          ],
          [
            -3.728835,
            36.725747
          ],
          [
            -3.728732,
            36.725793
          ],
          [
            -3.728424,
            36.725919
          ],
          [
            -3.728352,
            36.725985
          ],
          [
            -3.728326,
            36.726052
          ],
          [
            -3.728298,
            36.726259
          ],
          [
            -3.728305,
            36.726376
          ],
          [
            -3.728306,
            36.726482
          ],
          [
            -3.728268,
            36.726529
          ],
          [
            -3.728206,
            36.726554
          ],
          [
            -3.728128,
            36.726549
          ],
          [
            -3.728085,
            36.726514
          ],
          [
            -3.728059,
            36.726461
          ],
          [
            -3.728055,
            36.726256
          ],
          [
            -3.728037,
            36.726113
          ],
          [
            -3.727986,
            36.725992
          ],
          [
            -3.727922,
            36.725908
          ],
          [
            -3.727802,
            36.725773
          ],
          [
            -3.727597,
            36.725597
          ],
          [
            -3.727477,
            36.725437
          ],
          [
            -3.727424,
            36.725337
          ],
          [
            -3.727374,
            36.725209
          ],
          [
            -3.727348,
            36.725081
          ],
          [
            -3.727353,
            36.724968
          ],
          [
            -3.727373,
            36.724867
          ],
          [
            -3.727509,
            36.724596
          ],
          [
            -3.727514,
            36.724535
          ],
          [
            -3.727494,
            36.724472
          ],
          [
            -3.727372,
            36.724309
          ],
          [
            -3.727334,
            36.724254
          ],
          [
            -3.72726,
            36.724143
          ],
          [
            -3.727178,
            36.7241
          ],
          [
            -3.72726,
            36.724143
          ],
          [
            -3.727334,
            36.724254
          ],
          [
            -3.727372,
            36.724309
          ],
          [
            -3.727494,
            36.724472
          ],
          [
            -3.727514,
            36.724535
          ],
          [
            -3.727509,
            36.724596
          ],
          [
            -3.727373,
            36.724867
          ],
          [
            -3.727353,
            36.724968
          ],
          [
            -3.727348,
            36.725081
          ],
          [
            -3.727374,
            36.725209
          ],
          [
            -3.727424,
            36.725337
          ],
          [
            -3.727477,
            36.725437
          ],
          [
            -3.727597,
            36.725597
          ],
          [
            -3.727802,
            36.725773
          ],
          [
            -3.727922,
            36.725908
          ],
          [
            -3.727986,
            36.725992
          ],
          [
            -3.728037,
            36.726113
          ],
          [
            -3.728055,
            36.726256
          ],
          [
            -3.728059,
            36.726461
          ],
          [
            -3.728085,
            36.726514
          ],
          [
            -3.728128,
            36.726549
          ],
          [
            -3.728206,
            36.726554
          ],
          [
            -3.728268,
            36.726529
          ],
          [
            -3.728306,
            36.726482
          ],
          [
            -3.728305,
            36.726376
          ],
          [
            -3.728298,
            36.726259
          ],
          [
            -3.728326,
            36.726052
          ],
          [
            -3.728352,
            36.725985
          ],
          [
            -3.728424,
            36.725919
          ],
          [
            -3.728732,
            36.725793
          ],
          [
            -3.728835,
            36.725747
          ],
          [
            -3.728893,
            36.7257
          ],
          [
            -3.729456,
            36.725153
          ],
          [
            -3.729834,
            36.724486
          ],
          [
            -3.730073,
            36.724368
          ],
          [
            -3.730358,
            36.724285
          ],
          [
            -3.730759,
            36.724184
          ],
          [
            -3.730805,
            36.724086
          ],
          [
            -3.730795,
            36.724008
          ],
          [
            -3.73067,
            36.72371
          ],
          [
            -3.730641,
            36.723548
          ],
          [
            -3.73063,
            36.723438
          ],
          [
            -3.730656,
            36.723392
          ],
          [
            -3.730699,
            36.723371
          ],
          [
            -3.730788,
            36.723358
          ],
          [
            -3.73087,
            36.723424
          ],
          [
            -3.730899,
            36.723651
          ],
          [
            -3.730997,
            36.723896
          ],
          [
            -3.731149,
            36.724062
          ],
          [
            -3.731237,
            36.724268
          ],
          [
            -3.73123,
            36.724359
          ],
          [
            -3.73115,
            36.724429
          ],
          [
            -3.731054,
            36.724473
          ],
          [
            -3.730962,
            36.724524
          ],
          [
            -3.730902,
            36.724597
          ],
          [
            -3.730815,
            36.724883
          ],
          [
            -3.730639,
            36.725563
          ],
          [
            -3.730748,
            36.725739
          ],
          [
            -3.731037,
            36.726209
          ],
          [
            -3.730933,
            36.726508
          ],
          [
            -3.730716,
            36.727001
          ],
          [
            -3.730616,
            36.727255
          ],
          [
            -3.730621,
            36.727477
          ],
          [
            -3.73067,
            36.727619
          ],
          [
            -3.730837,
            36.727805
          ],
          [
            -3.730918,
            36.727876
          ],
          [
            -3.731017,
            36.727928
          ],
          [
            -3.731165,
            36.727969
          ],
          [
            -3.731629,
            36.727963
          ],
          [
            -3.731885,
            36.727963
          ],
          [
            -3.731971,
            36.728027
          ],
          [
            -3.732002,
            36.728029
          ],
          [
            -3.732131,
            36.728039
          ],
          [
            -3.73229,
            36.72804
          ],
          [
            -3.732407,
            36.728045
          ],
          [
            -3.73251,
            36.728051
          ],
          [
            -3.732698,
            36.728088
          ],
          [
            -3.732818,
            36.728105
          ],
          [
            -3.732804,
            36.7282
          ],
          [
            -3.733123,
            36.728689
          ],
          [
            -3.733201,
            36.729096
          ],
          [
            -3.733275,
            36.729479
          ],
          [
            -3.733292,
            36.729567
          ],
          [
            -3.733219,
            36.729674
          ],
          [
            -3.733102,
            36.729732
          ],
          [
            -3.732975,
            36.72977
          ],
          [
            -3.732919,
            36.729731
          ],
          [
            -3.732856,
            36.729597
          ],
          [
            -3.732852,
            36.729561
          ],
          [
            -3.732832,
            36.729361
          ],
          [
            -3.732784,
            36.729198
          ],
          [
            -3.7327,
            36.729079
          ],
          [
            -3.732603,
            36.729017
          ],
          [
            -3.732433,
            36.728998
          ],
          [
            -3.732268,
            36.72907
          ],
          [
            -3.731852,
            36.729537
          ],
          [
            -3.731595,
            36.729758
          ],
          [
            -3.731345,
            36.729911
          ],
          [
            -3.731098,
            36.729969
          ],
          [
            -3.73095,
            36.72996
          ],
          [
            -3.730749,
            36.729952
          ],
          [
            -3.730691,
            36.729973
          ],
          [
            -3.730653,
            36.729996
          ],
          [
            -3.730607,
            36.730116
          ],
          [
            -3.730713,
            36.730195
          ],
          [
            -3.731068,
            36.730232
          ],
          [
            -3.731237,
            36.730291
          ],
          [
            -3.731284,
            36.730334
          ],
          [
            -3.731298,
            36.730734
          ],
          [
            -3.731177,
            36.730919
          ],
          [
            -3.730746,
            36.731098
          ],
          [
            -3.730607,
            36.731228
          ],
          [
            -3.730592,
            36.73132
          ],
          [
            -3.730727,
            36.731584
          ],
          [
            -3.730793,
            36.731745
          ],
          [
            -3.73073,
            36.731943
          ],
          [
            -3.730607,
            36.732034
          ],
          [
            -3.730427,
            36.731957
          ],
          [
            -3.730346,
            36.73201
          ],
          [
            -3.730314,
            36.732104
          ],
          [
            -3.730093,
            36.732752
          ],
          [
            -3.730031,
            36.732877
          ],
          [
            -3.72984,
            36.733115
          ],
          [
            -3.72965,
            36.733229
          ],
          [
            -3.729466,
            36.733232
          ],
          [
            -3.729314,
            36.733202
          ],
          [
            -3.728955,
            36.733055
          ],
          [
            -3.728801,
            36.733055
          ],
          [
            -3.728198,
            36.733465
          ],
          [
            -3.727327,
            36.733884
          ],
          [
            -3.727062,
            36.733962
          ],
          [
            -3.72687,
            36.73395
          ],
          [
            -3.72665,
            36.73393
          ],
          [
            -3.726414,
            36.733979
          ],
          [
            -3.726071,
            36.734225
          ],
          [
            -3.725739,
            36.734449
          ],
          [
            -3.725517,
            36.734623
          ],
          [
            -3.725353,
            36.734895
          ],
          [
            -3.725096,
            36.735308
          ],
          [
            -3.724738,
            36.73557
          ],
          [
            -3.724572,
            36.73563
          ],
          [
            -3.724428,
            36.735605
          ],
          [
            -3.724036,
            36.735382
          ],
          [
            -3.723759,
            36.735295
          ],
          [
            -3.723341,
            36.735245
          ],
          [
            -3.722909,
            36.735056
          ],
          [
            -3.722728,
            36.735037
          ],
          [
            -3.722645,
            36.735059
          ],
          [
            -3.722589,
            36.735074
          ],
          [
            -3.722542,
            36.735124
          ],
          [
            -3.722504,
            36.735225
          ],
          [
            -3.722511,
            36.735348
          ],
          [
            -3.722648,
            36.735564
          ],
          [
            -3.722771,
            36.735938
          ],
          [
            -3.722914,
            36.736197
          ],
          [
            -3.723708,
            36.737012
          ],
          [
            -3.72377,
            36.737163
          ],
          [
            -3.723698,
            36.737305
          ],
          [
            -3.723516,
            36.737398
          ],
          [
            -3.723239,
            36.73751
          ],
          [
            -3.723041,
            36.737625
          ],
          [
            -3.722974,
            36.737655
          ],
          [
            -3.72289,
            36.737673
          ],
          [
            -3.722753,
            36.737664
          ],
          [
            -3.722661,
            36.737664
          ],
          [
            -3.722056,
            36.73775
          ],
          [
            -3.721855,
            36.737803
          ],
          [
            -3.721791,
            36.737832
          ],
          [
            -3.721723,
            36.737887
          ],
          [
            -3.721676,
            36.737946
          ],
          [
            -3.721655,
            36.738017
          ],
          [
            -3.721663,
            36.738094
          ],
          [
            -3.72169,
            36.738163
          ],
          [
            -3.721733,
            36.73823
          ],
          [
            -3.721847,
            36.738326
          ],
          [
            -3.721919,
            36.738389
          ],
          [
            -3.721955,
            36.73845
          ],
          [
            -3.72196,
            36.738513
          ],
          [
            -3.721944,
            36.738563
          ],
          [
            -3.721903,
            36.738614
          ],
          [
            -3.721806,
            36.738682
          ],
          [
            -3.7217,
            36.738743
          ],
          [
            -3.721515,
            36.738831
          ],
          [
            -3.721446,
            36.738845
          ],
          [
            -3.721367,
            36.738835
          ],
          [
            -3.721275,
            36.738798
          ],
          [
            -3.72117,
            36.73873
          ],
          [
            -3.720828,
            36.738403
          ],
          [
            -3.720761,
            36.738335
          ],
          [
            -3.720681,
            36.738219
          ],
          [
            -3.720624,
            36.738094
          ],
          [
            -3.720533,
            36.737805
          ],
          [
            -3.720528,
            36.737779
          ],
          [
            -3.720429,
            36.737446
          ],
          [
            -3.720361,
            36.737285
          ],
          [
            -3.720272,
            36.737145
          ],
          [
            -3.720184,
            36.737027
          ],
          [
            -3.720079,
            36.736909
          ],
          [
            -3.72,
            36.736857
          ],
          [
            -3.719883,
            36.736814
          ],
          [
            -3.719747,
            36.736779
          ],
          [
            -3.719559,
            36.736746
          ],
          [
            -3.719398,
            36.736737
          ],
          [
            -3.719257,
            36.736756
          ],
          [
            -3.719179,
            36.736779
          ],
          [
            -3.71913,
            36.736814
          ],
          [
            -3.719087,
            36.736871
          ],
          [
            -3.719069,
            36.736927
          ],
          [
            -3.719026,
            36.737091
          ],
          [
            -3.718986,
            36.737143
          ],
          [
            -3.718921,
            36.737184
          ],
          [
            -3.718782,
            36.737247
          ],
          [
            -3.718528,
            36.737314
          ],
          [
            -3.71844,
            36.73732
          ],
          [
            -3.718344,
            36.737294
          ],
          [
            -3.718252,
            36.737195
          ],
          [
            -3.718168,
            36.737049
          ],
          [
            -3.718062,
            36.736912
          ],
          [
            -3.718075,
            36.736833
          ],
          [
            -3.718103,
            36.736786
          ],
          [
            -3.717983,
            36.736782
          ],
          [
            -3.717855,
            36.736769
          ],
          [
            -3.717731,
            36.736743
          ],
          [
            -3.71757,
            36.736698
          ],
          [
            -3.717436,
            36.736635
          ],
          [
            -3.71728,
            36.736534
          ],
          [
            -3.717151,
            36.73643
          ],
          [
            -3.717028,
            36.736291
          ],
          [
            -3.716743,
            36.735842
          ],
          [
            -3.716633,
            36.735704
          ],
          [
            -3.716512,
            36.735579
          ],
          [
            -3.716422,
            36.735514
          ],
          [
            -3.716272,
            36.735427
          ],
          [
            -3.716139,
            36.735368
          ],
          [
            -3.71596,
            36.735323
          ],
          [
            -3.715799,
            36.735302
          ],
          [
            -3.715625,
            36.735306
          ],
          [
            -3.715459,
            36.735341
          ],
          [
            -3.715361,
            36.735372
          ],
          [
            -3.715176,
            36.735463
          ],
          [
            -3.715048,
            36.735556
          ],
          [
            -3.714956,
            36.735658
          ],
          [
            -3.714874,
            36.735778
          ],
          [
            -3.714826,
            36.735916
          ],
          [
            -3.7148,
            36.736056
          ],
          [
            -3.714808,
            36.736212
          ],
          [
            -3.714874,
            36.736773
          ],
          [
            -3.714875,
            36.736825
          ],
          [
            -3.714878,
            36.736945
          ],
          [
            -3.714857,
            36.737108
          ],
          [
            -3.71481,
            36.737259
          ],
          [
            -3.714752,
            36.737399
          ],
          [
            -3.71467,
            36.737531
          ],
          [
            -3.714559,
            36.737668
          ],
          [
            -3.714439,
            36.737773
          ],
          [
            -3.714331,
            36.73786
          ],
          [
            -3.714107,
            36.737995
          ],
          [
            -3.713916,
            36.738065
          ],
          [
            -3.713759,
            36.73811
          ],
          [
            -3.713611,
            36.738142
          ],
          [
            -3.713364,
            36.738166
          ],
          [
            -3.713142,
            36.738159
          ],
          [
            -3.712939,
            36.73813
          ],
          [
            -3.712741,
            36.738075
          ],
          [
            -3.712546,
            36.738002
          ],
          [
            -3.712405,
            36.737925
          ],
          [
            -3.712272,
            36.737842
          ],
          [
            -3.711923,
            36.737608
          ],
          [
            -3.711561,
            36.737361
          ],
          [
            -3.711467,
            36.737293
          ],
          [
            -3.7105,
            36.736634
          ],
          [
            -3.710309,
            36.736532
          ],
          [
            -3.710207,
            36.736488
          ],
          [
            -3.710015,
            36.736433
          ],
          [
            -3.709799,
            36.7364
          ],
          [
            -3.709586,
            36.736398
          ],
          [
            -3.709344,
            36.736443
          ],
          [
            -3.70914,
            36.736516
          ],
          [
            -3.708982,
            36.736613
          ],
          [
            -3.708862,
            36.736712
          ],
          [
            -3.708753,
            36.736841
          ],
          [
            -3.708676,
            36.736995
          ],
          [
            -3.708629,
            36.737096
          ],
          [
            -3.708373,
            36.737732
          ],
          [
            -3.708255,
            36.738025
          ],
          [
            -3.70822,
            36.738098
          ],
          [
            -3.708183,
            36.738168
          ],
          [
            -3.708104,
            36.738309
          ],
          [
            -3.708017,
            36.738417
          ],
          [
            -3.707893,
            36.73852
          ],
          [
            -3.70748,
            36.738737
          ],
          [
            -3.70731,
            36.738854
          ],
          [
            -3.706627,
            36.739459
          ],
          [
            -3.70648,
            36.739649
          ],
          [
            -3.706396,
            36.739845
          ],
          [
            -3.706362,
            36.74002
          ],
          [
            -3.706382,
            36.740323
          ],
          [
            -3.70638,
            36.740451
          ],
          [
            -3.706353,
            36.740569
          ],
          [
            -3.706307,
            36.740664
          ],
          [
            -3.706242,
            36.740747
          ],
          [
            -3.706166,
            36.740819
          ],
          [
            -3.706068,
            36.740884
          ],
          [
            -3.705945,
            36.740941
          ],
          [
            -3.705821,
            36.740976
          ],
          [
            -3.705682,
            36.740989
          ],
          [
            -3.70552,
            36.740971
          ],
          [
            -3.705387,
            36.740919
          ],
          [
            -3.705258,
            36.740836
          ],
          [
            -3.704259,
            36.740079
          ],
          [
            -3.704108,
            36.739977
          ],
          [
            -3.703934,
            36.739885
          ],
          [
            -3.703749,
            36.739817
          ],
          [
            -3.703531,
            36.739764
          ],
          [
            -3.703311,
            36.739743
          ],
          [
            -3.703062,
            36.739753
          ],
          [
            -3.702773,
            36.739807
          ],
          [
            -3.702484,
            36.739906
          ],
          [
            -3.701933,
            36.74014
          ],
          [
            -3.701743,
            36.740203
          ],
          [
            -3.701571,
            36.740237
          ],
          [
            -3.701393,
            36.740251
          ],
          [
            -3.701191,
            36.740229
          ],
          [
            -3.700683,
            36.740126
          ],
          [
            -3.700463,
            36.740099
          ],
          [
            -3.70025,
            36.740091
          ],
          [
            -3.700004,
            36.740102
          ],
          [
            -3.699742,
            36.740128
          ],
          [
            -3.699364,
            36.740201
          ],
          [
            -3.699224,
            36.740229
          ],
          [
            -3.699042,
            36.740257
          ],
          [
            -3.698934,
            36.740266
          ],
          [
            -3.698874,
            36.740271
          ],
          [
            -3.698824,
            36.740272
          ],
          [
            -3.698654,
            36.740276
          ],
          [
            -3.698509,
            36.740267
          ],
          [
            -3.698435,
            36.740263
          ],
          [
            -3.698438,
            36.740222
          ],
          [
            -3.698438,
            36.740075
          ],
          [
            -3.698432,
            36.739898
          ],
          [
            -3.69839,
            36.739713
          ],
          [
            -3.698367,
            36.739631
          ],
          [
            -3.698281,
            36.739401
          ],
          [
            -3.69821,
            36.73926
          ],
          [
            -3.698146,
            36.739175
          ],
          [
            -3.698078,
            36.739112
          ],
          [
            -3.697909,
            36.738997
          ],
          [
            -3.697854,
            36.738967
          ],
          [
            -3.697358,
            36.738701
          ],
          [
            -3.696017,
            36.737999
          ],
          [
            -3.69581,
            36.737898
          ],
          [
            -3.695725,
            36.737856
          ],
          [
            -3.69534,
            36.737667
          ],
          [
            -3.69526,
            36.737625
          ],
          [
            -3.695097,
            36.73754
          ],
          [
            -3.694934,
            36.737455
          ],
          [
            -3.694763,
            36.737365
          ],
          [
            -3.694523,
            36.73724
          ],
          [
            -3.694519,
            36.737237
          ],
          [
            -3.694465,
            36.737209
          ],
          [
            -3.694111,
            36.737021
          ],
          [
            -3.693749,
            36.736834
          ],
          [
            -3.693268,
            36.736589
          ],
          [
            -3.693016,
            36.736453
          ],
          [
            -3.692744,
            36.736302
          ],
          [
            -3.692726,
            36.736291
          ],
          [
            -3.692617,
            36.736235
          ],
          [
            -3.692604,
            36.736228
          ],
          [
            -3.692572,
            36.736199
          ],
          [
            -3.692347,
            36.736083
          ],
          [
            -3.692119,
            36.73597
          ],
          [
            -3.69207,
            36.735943
          ],
          [
            -3.691892,
            36.735863
          ],
          [
            -3.691845,
            36.735841
          ],
          [
            -3.691801,
            36.735816
          ],
          [
            -3.691678,
            36.735754
          ],
          [
            -3.691448,
            36.735637
          ],
          [
            -3.691223,
            36.735525
          ],
          [
            -3.691157,
            36.735481
          ],
          [
            -3.691104,
            36.73544
          ],
          [
            -3.690964,
            36.73544
          ],
          [
            -3.690889,
            36.735481
          ],
          [
            -3.690583,
            36.735779
          ],
          [
            -3.690517,
            36.735835
          ],
          [
            -3.690459,
            36.735855
          ],
          [
            -3.690355,
            36.735862
          ],
          [
            -3.690309,
            36.735865
          ],
          [
            -3.690251,
            36.735902
          ],
          [
            -3.690196,
            36.735884
          ]
        ]
      },
      "properties": {
        "shape_id": "ALM_2B_CIRC_SUMMER",
        "source_id": "osm_route_relations",
        "confidence": "medium"
      }
    },
    {
      "type": "Feature",
      "id": "ALM_3A_CIRC",
      "geometry": {
        "type": "LineString",
        "coordinates": [
          [
            -3.690196,
            36.735884
          ],
          [
            -3.690137,
            36.735887
          ],
          [
            -3.690112,
            36.735846
          ],
          [
            -3.689961,
            36.735807
          ],
          [
            -3.689949,
            36.735804
          ],
          [
            -3.689854,
            36.735775
          ],
          [
            -3.68969,
            36.735708
          ],
          [
            -3.689651,
            36.735692
          ],
          [
            -3.689551,
            36.735639
          ],
          [
            -3.689472,
            36.73562
          ],
          [
            -3.689416,
            36.735638
          ],
          [
            -3.689359,
            36.735679
          ],
          [
            -3.689243,
            36.735766
          ],
          [
            -3.689052,
            36.735696
          ],
          [
            -3.688906,
            36.735626
          ],
          [
            -3.688791,
            36.735555
          ],
          [
            -3.688701,
            36.735479
          ],
          [
            -3.688618,
            36.735376
          ],
          [
            -3.688559,
            36.73528
          ],
          [
            -3.688522,
            36.735178
          ],
          [
            -3.688515,
            36.735127
          ],
          [
            -3.688508,
            36.735075
          ],
          [
            -3.688506,
            36.735023
          ],
          [
            -3.688563,
            36.734825
          ],
          [
            -3.688641,
            36.734516
          ],
          [
            -3.688648,
            36.734423
          ],
          [
            -3.688616,
            36.734319
          ],
          [
            -3.688558,
            36.73425
          ],
          [
            -3.688416,
            36.734049
          ],
          [
            -3.688376,
            36.734
          ],
          [
            -3.688235,
            36.733832
          ],
          [
            -3.688181,
            36.73376
          ],
          [
            -3.688007,
            36.733537
          ],
          [
            -3.687867,
            36.733373
          ],
          [
            -3.687767,
            36.733248
          ],
          [
            -3.687646,
            36.733089
          ],
          [
            -3.6876,
            36.733025
          ],
          [
            -3.687543,
            36.732956
          ],
          [
            -3.687488,
            36.732892
          ],
          [
            -3.687497,
            36.732832
          ],
          [
            -3.687489,
            36.732787
          ],
          [
            -3.687516,
            36.732782
          ],
          [
            -3.687563,
            36.732761
          ],
          [
            -3.687598,
            36.732729
          ],
          [
            -3.687618,
            36.732685
          ],
          [
            -3.687619,
            36.732644
          ],
          [
            -3.687602,
            36.732603
          ],
          [
            -3.687568,
            36.732569
          ],
          [
            -3.687522,
            36.732547
          ],
          [
            -3.687461,
            36.732541
          ],
          [
            -3.687409,
            36.732546
          ],
          [
            -3.687386,
            36.732555
          ],
          [
            -3.687358,
            36.732511
          ],
          [
            -3.68733,
            36.732468
          ],
          [
            -3.68731,
            36.732329
          ],
          [
            -3.687304,
            36.73206
          ],
          [
            -3.687286,
            36.731739
          ],
          [
            -3.687254,
            36.731245
          ],
          [
            -3.687253,
            36.731223
          ],
          [
            -3.687298,
            36.731171
          ],
          [
            -3.687305,
            36.731147
          ],
          [
            -3.687319,
            36.731134
          ],
          [
            -3.687327,
            36.731121
          ],
          [
            -3.68733,
            36.731107
          ],
          [
            -3.68733,
            36.731095
          ],
          [
            -3.687326,
            36.731083
          ],
          [
            -3.68732,
            36.731073
          ],
          [
            -3.687312,
            36.731064
          ],
          [
            -3.687302,
            36.731056
          ],
          [
            -3.687291,
            36.73105
          ],
          [
            -3.687268,
            36.731044
          ],
          [
            -3.687249,
            36.731044
          ],
          [
            -3.687231,
            36.731048
          ],
          [
            -3.687196,
            36.731038
          ],
          [
            -3.68706,
            36.731036
          ],
          [
            -3.68702,
            36.731045
          ],
          [
            -3.686996,
            36.731044
          ],
          [
            -3.686694,
            36.731034
          ],
          [
            -3.686615,
            36.731032
          ],
          [
            -3.686487,
            36.731028
          ],
          [
            -3.686231,
            36.73102
          ],
          [
            -3.686157,
            36.731017
          ],
          [
            -3.686091,
            36.731015
          ],
          [
            -3.686003,
            36.731012
          ],
          [
            -3.685581,
            36.730996
          ],
          [
            -3.685373,
            36.730992
          ],
          [
            -3.685162,
            36.730988
          ],
          [
            -3.684869,
            36.730995
          ],
          [
            -3.684466,
            36.731006
          ],
          [
            -3.683929,
            36.731021
          ],
          [
            -3.683717,
            36.731028
          ],
          [
            -3.683598,
            36.731033
          ],
          [
            -3.683379,
            36.731036
          ],
          [
            -3.683119,
            36.731032
          ],
          [
            -3.682901,
            36.731016
          ],
          [
            -3.682702,
            36.730997
          ],
          [
            -3.68245,
            36.730955
          ],
          [
            -3.682009,
            36.730854
          ],
          [
            -3.681552,
            36.730704
          ],
          [
            -3.680834,
            36.730455
          ],
          [
            -3.680187,
            36.730285
          ],
          [
            -3.679736,
            36.730171
          ],
          [
            -3.679476,
            36.730108
          ],
          [
            -3.67913,
            36.730079
          ],
          [
            -3.678871,
            36.730065
          ],
          [
            -3.678828,
            36.730063
          ],
          [
            -3.678146,
            36.730031
          ],
          [
            -3.677979,
            36.730036
          ],
          [
            -3.677933,
            36.730037
          ],
          [
            -3.677757,
            36.730069
          ],
          [
            -3.677573,
            36.730125
          ],
          [
            -3.677429,
            36.730182
          ],
          [
            -3.677147,
            36.730312
          ],
          [
            -3.676942,
            36.730424
          ],
          [
            -3.676649,
            36.730595
          ],
          [
            -3.676313,
            36.730791
          ],
          [
            -3.675947,
            36.730993
          ],
          [
            -3.67531,
            36.73135
          ],
          [
            -3.674906,
            36.731619
          ],
          [
            -3.674202,
            36.732087
          ],
          [
            -3.674089,
            36.732164
          ],
          [
            -3.673612,
            36.732489
          ],
          [
            -3.673549,
            36.732544
          ],
          [
            -3.673484,
            36.732618
          ],
          [
            -3.673429,
            36.732709
          ],
          [
            -3.673394,
            36.732789
          ],
          [
            -3.673368,
            36.732877
          ],
          [
            -3.673356,
            36.732958
          ],
          [
            -3.673357,
            36.733043
          ],
          [
            -3.673367,
            36.733117
          ],
          [
            -3.673376,
            36.733148
          ],
          [
            -3.673431,
            36.73332
          ],
          [
            -3.673439,
            36.733443
          ],
          [
            -3.673412,
            36.733591
          ],
          [
            -3.673354,
            36.733705
          ],
          [
            -3.673141,
            36.733978
          ],
          [
            -3.67304,
            36.734073
          ],
          [
            -3.67292,
            36.734195
          ],
          [
            -3.672864,
            36.734266
          ],
          [
            -3.672701,
            36.7345
          ],
          [
            -3.672677,
            36.734535
          ],
          [
            -3.672637,
            36.7346
          ],
          [
            -3.672608,
            36.734727
          ],
          [
            -3.672581,
            36.7348
          ],
          [
            -3.672552,
            36.734839
          ],
          [
            -3.672211,
            36.7353
          ],
          [
            -3.672162,
            36.735375
          ],
          [
            -3.671788,
            36.735795
          ],
          [
            -3.671478,
            36.736154
          ],
          [
            -3.671421,
            36.736201
          ],
          [
            -3.671372,
            36.736247
          ],
          [
            -3.671273,
            36.736316
          ],
          [
            -3.671224,
            36.736377
          ],
          [
            -3.67114,
            36.736484
          ],
          [
            -3.671018,
            36.736616
          ],
          [
            -3.670965,
            36.736698
          ],
          [
            -3.670904,
            36.736825
          ],
          [
            -3.670769,
            36.73696
          ],
          [
            -3.670593,
            36.737125
          ],
          [
            -3.670213,
            36.737457
          ],
          [
            -3.669791,
            36.737818
          ],
          [
            -3.669606,
            36.737983
          ],
          [
            -3.669485,
            36.738114
          ],
          [
            -3.669228,
            36.738403
          ],
          [
            -3.669048,
            36.73861
          ],
          [
            -3.668895,
            36.738796
          ],
          [
            -3.668753,
            36.738979
          ],
          [
            -3.668658,
            36.739107
          ],
          [
            -3.668652,
            36.739116
          ],
          [
            -3.668328,
            36.739586
          ],
          [
            -3.66819,
            36.739781
          ],
          [
            -3.668006,
            36.740049
          ],
          [
            -3.667978,
            36.740082
          ],
          [
            -3.667816,
            36.740283
          ],
          [
            -3.667712,
            36.740396
          ],
          [
            -3.667598,
            36.740509
          ],
          [
            -3.667457,
            36.740635
          ],
          [
            -3.667079,
            36.740961
          ],
          [
            -3.666839,
            36.741167
          ],
          [
            -3.666188,
            36.741736
          ],
          [
            -3.665849,
            36.742029
          ],
          [
            -3.665709,
            36.742149
          ],
          [
            -3.665423,
            36.742394
          ],
          [
            -3.66512,
            36.742657
          ],
          [
            -3.664941,
            36.742812
          ],
          [
            -3.664744,
            36.742962
          ],
          [
            -3.664708,
            36.742985
          ],
          [
            -3.664572,
            36.743043
          ],
          [
            -3.664544,
            36.743058
          ],
          [
            -3.664152,
            36.743284
          ],
          [
            -3.663886,
            36.743431
          ],
          [
            -3.663843,
            36.743462
          ],
          [
            -3.663797,
            36.743511
          ],
          [
            -3.663758,
            36.743569
          ],
          [
            -3.663728,
            36.743656
          ],
          [
            -3.66372,
            36.743732
          ],
          [
            -3.663718,
            36.743835
          ],
          [
            -3.663715,
            36.743907
          ],
          [
            -3.663709,
            36.744065
          ],
          [
            -3.663685,
            36.744144
          ],
          [
            -3.663651,
            36.744201
          ],
          [
            -3.663606,
            36.744255
          ],
          [
            -3.663519,
            36.744341
          ],
          [
            -3.663393,
            36.744473
          ],
          [
            -3.663174,
            36.744605
          ],
          [
            -3.663018,
            36.744704
          ],
          [
            -3.662938,
            36.744763
          ],
          [
            -3.662891,
            36.744811
          ],
          [
            -3.662854,
            36.744859
          ],
          [
            -3.662806,
            36.74494
          ],
          [
            -3.662611,
            36.745295
          ],
          [
            -3.662442,
            36.745581
          ],
          [
            -3.662404,
            36.745623
          ],
          [
            -3.662355,
            36.745656
          ],
          [
            -3.662285,
            36.745685
          ],
          [
            -3.662036,
            36.745754
          ],
          [
            -3.661932,
            36.745786
          ],
          [
            -3.661881,
            36.745826
          ],
          [
            -3.661974,
            36.745989
          ],
          [
            -3.661984,
            36.746007
          ],
          [
            -3.662129,
            36.746272
          ],
          [
            -3.662169,
            36.746351
          ],
          [
            -3.662266,
            36.746504
          ],
          [
            -3.66206,
            36.746739
          ],
          [
            -3.661868,
            36.746883
          ],
          [
            -3.661522,
            36.747132
          ],
          [
            -3.661356,
            36.747286
          ],
          [
            -3.661248,
            36.747434
          ],
          [
            -3.661141,
            36.747585
          ],
          [
            -3.661017,
            36.747706
          ],
          [
            -3.660783,
            36.747874
          ],
          [
            -3.660639,
            36.747955
          ],
          [
            -3.660524,
            36.74801
          ],
          [
            -3.660353,
            36.748096
          ],
          [
            -3.660186,
            36.748217
          ],
          [
            -3.660046,
            36.748353
          ],
          [
            -3.659932,
            36.74851
          ],
          [
            -3.659828,
            36.748719
          ],
          [
            -3.659794,
            36.748856
          ],
          [
            -3.659765,
            36.748991
          ],
          [
            -3.659712,
            36.749063
          ],
          [
            -3.659629,
            36.749118
          ],
          [
            -3.659564,
            36.749143
          ],
          [
            -3.659456,
            36.749156
          ],
          [
            -3.659297,
            36.749128
          ],
          [
            -3.659175,
            36.74909
          ],
          [
            -3.659069,
            36.749028
          ],
          [
            -3.658832,
            36.748877
          ],
          [
            -3.658712,
            36.748823
          ],
          [
            -3.658589,
            36.748794
          ],
          [
            -3.658518,
            36.748789
          ],
          [
            -3.658356,
            36.748801
          ],
          [
            -3.658157,
            36.74887
          ],
          [
            -3.658063,
            36.748937
          ],
          [
            -3.657996,
            36.749005
          ],
          [
            -3.657367,
            36.749606
          ],
          [
            -3.657295,
            36.749702
          ],
          [
            -3.657258,
            36.749768
          ],
          [
            -3.65723,
            36.749829
          ],
          [
            -3.657147,
            36.749871
          ],
          [
            -3.657078,
            36.749885
          ],
          [
            -3.656992,
            36.749886
          ],
          [
            -3.656938,
            36.74988
          ],
          [
            -3.6569,
            36.74985
          ],
          [
            -3.656847,
            36.749826
          ],
          [
            -3.656776,
            36.749814
          ],
          [
            -3.656726,
            36.749817
          ],
          [
            -3.65667,
            36.749834
          ],
          [
            -3.656624,
            36.74986
          ],
          [
            -3.656583,
            36.749904
          ],
          [
            -3.656571,
            36.749926
          ],
          [
            -3.656563,
            36.749949
          ],
          [
            -3.656558,
            36.749983
          ],
          [
            -3.656562,
            36.750017
          ],
          [
            -3.656582,
            36.750062
          ],
          [
            -3.656624,
            36.750107
          ],
          [
            -3.656676,
            36.750135
          ],
          [
            -3.656739,
            36.750151
          ],
          [
            -3.656812,
            36.750149
          ],
          [
            -3.656862,
            36.750136
          ],
          [
            -3.656905,
            36.750114
          ],
          [
            -3.656945,
            36.750078
          ],
          [
            -3.656975,
            36.750026
          ],
          [
            -3.656981,
            36.749987
          ],
          [
            -3.656977,
            36.749948
          ],
          [
            -3.656962,
            36.749912
          ],
          [
            -3.656938,
            36.74988
          ],
          [
            -3.656992,
            36.749886
          ],
          [
            -3.657078,
            36.749885
          ],
          [
            -3.657147,
            36.749871
          ],
          [
            -3.65723,
            36.749829
          ],
          [
            -3.657258,
            36.749768
          ],
          [
            -3.657295,
            36.749702
          ],
          [
            -3.657367,
            36.749606
          ],
          [
            -3.657996,
            36.749005
          ],
          [
            -3.658063,
            36.748937
          ],
          [
            -3.658157,
            36.74887
          ],
          [
            -3.658356,
            36.748801
          ],
          [
            -3.658358,
            36.749048
          ],
          [
            -3.65845,
            36.749303
          ],
          [
            -3.658239,
            36.749575
          ],
          [
            -3.658136,
            36.749778
          ],
          [
            -3.658135,
            36.750143
          ],
          [
            -3.658213,
            36.750522
          ],
          [
            -3.658308,
            36.750571
          ],
          [
            -3.658253,
            36.750999
          ],
          [
            -3.658218,
            36.75121
          ],
          [
            -3.658197,
            36.751304
          ],
          [
            -3.658172,
            36.751368
          ],
          [
            -3.658097,
            36.751507
          ],
          [
            -3.658017,
            36.751629
          ],
          [
            -3.657879,
            36.751791
          ],
          [
            -3.657608,
            36.751878
          ],
          [
            -3.657411,
            36.75215
          ],
          [
            -3.657347,
            36.752234
          ],
          [
            -3.657133,
            36.752434
          ],
          [
            -3.656822,
            36.752709
          ],
          [
            -3.656816,
            36.752782
          ],
          [
            -3.656562,
            36.752957
          ],
          [
            -3.656368,
            36.753087
          ],
          [
            -3.656175,
            36.753216
          ],
          [
            -3.655916,
            36.753449
          ],
          [
            -3.655803,
            36.753572
          ],
          [
            -3.655717,
            36.753653
          ],
          [
            -3.655663,
            36.753726
          ],
          [
            -3.655465,
            36.753998
          ],
          [
            -3.655234,
            36.754336
          ],
          [
            -3.655047,
            36.75455
          ],
          [
            -3.654979,
            36.754634
          ],
          [
            -3.654688,
            36.75488
          ],
          [
            -3.654436,
            36.75503
          ],
          [
            -3.654252,
            36.755094
          ],
          [
            -3.654037,
            36.755153
          ],
          [
            -3.653888,
            36.755182
          ],
          [
            -3.653811,
            36.75519
          ],
          [
            -3.653685,
            36.755175
          ],
          [
            -3.65353,
            36.755166
          ],
          [
            -3.65334,
            36.755121
          ],
          [
            -3.653264,
            36.755097
          ],
          [
            -3.653218,
            36.755049
          ],
          [
            -3.653146,
            36.755007
          ],
          [
            -3.653061,
            36.754985
          ],
          [
            -3.652971,
            36.754986
          ],
          [
            -3.652884,
            36.75501
          ],
          [
            -3.652811,
            36.755056
          ],
          [
            -3.65276,
            36.755118
          ],
          [
            -3.652737,
            36.75519
          ],
          [
            -3.652741,
            36.755251
          ],
          [
            -3.652765,
            36.755309
          ],
          [
            -3.652808,
            36.75536
          ],
          [
            -3.652858,
            36.755395
          ],
          [
            -3.652916,
            36.75542
          ],
          [
            -3.65299,
            36.755434
          ],
          [
            -3.653066,
            36.755432
          ],
          [
            -3.653139,
            36.755414
          ],
          [
            -3.653203,
            36.75538
          ],
          [
            -3.653249,
            36.755339
          ],
          [
            -3.653282,
            36.755291
          ],
          [
            -3.653357,
            36.755247
          ],
          [
            -3.653475,
            36.755221
          ],
          [
            -3.653674,
            36.755219
          ],
          [
            -3.653811,
            36.75519
          ],
          [
            -3.653888,
            36.755182
          ],
          [
            -3.654037,
            36.755153
          ],
          [
            -3.654252,
            36.755094
          ],
          [
            -3.654436,
            36.75503
          ],
          [
            -3.654609,
            36.754972
          ],
          [
            -3.654834,
            36.754841
          ],
          [
            -3.655037,
            36.754676
          ],
          [
            -3.65524,
            36.754459
          ],
          [
            -3.655435,
            36.754174
          ],
          [
            -3.655485,
            36.754098
          ],
          [
            -3.65575,
            36.753684
          ],
          [
            -3.655803,
            36.753572
          ],
          [
            -3.655916,
            36.753449
          ],
          [
            -3.656175,
            36.753216
          ],
          [
            -3.656368,
            36.753087
          ],
          [
            -3.656562,
            36.752957
          ],
          [
            -3.656816,
            36.752782
          ],
          [
            -3.657041,
            36.752627
          ],
          [
            -3.657117,
            36.752566
          ],
          [
            -3.657294,
            36.752424
          ],
          [
            -3.657446,
            36.752281
          ],
          [
            -3.65784,
            36.751838
          ],
          [
            -3.657879,
            36.751791
          ],
          [
            -3.658017,
            36.751629
          ],
          [
            -3.658097,
            36.751507
          ],
          [
            -3.658172,
            36.751368
          ],
          [
            -3.658197,
            36.751304
          ],
          [
            -3.658218,
            36.75121
          ],
          [
            -3.658253,
            36.750999
          ],
          [
            -3.658308,
            36.750571
          ],
          [
            -3.658341,
            36.750454
          ],
          [
            -3.658393,
            36.750344
          ],
          [
            -3.65847,
            36.75023
          ],
          [
            -3.658585,
            36.750113
          ],
          [
            -3.658715,
            36.750013
          ],
          [
            -3.658864,
            36.749922
          ],
          [
            -3.659041,
            36.749848
          ],
          [
            -3.659278,
            36.749787
          ],
          [
            -3.659431,
            36.749756
          ],
          [
            -3.659766,
            36.749682
          ],
          [
            -3.659979,
            36.749613
          ],
          [
            -3.660086,
            36.749562
          ],
          [
            -3.660171,
            36.749521
          ],
          [
            -3.660328,
            36.749415
          ],
          [
            -3.660637,
            36.749155
          ],
          [
            -3.660789,
            36.749034
          ],
          [
            -3.660986,
            36.748943
          ],
          [
            -3.661077,
            36.748905
          ],
          [
            -3.661139,
            36.748882
          ],
          [
            -3.661193,
            36.748863
          ],
          [
            -3.661351,
            36.748835
          ],
          [
            -3.661532,
            36.74882
          ],
          [
            -3.661696,
            36.748832
          ],
          [
            -3.661845,
            36.748861
          ],
          [
            -3.661989,
            36.74891
          ],
          [
            -3.662306,
            36.749057
          ],
          [
            -3.662575,
            36.749184
          ],
          [
            -3.662739,
            36.749254
          ],
          [
            -3.662901,
            36.749305
          ],
          [
            -3.663045,
            36.749342
          ],
          [
            -3.663205,
            36.749368
          ],
          [
            -3.66325,
            36.749372
          ],
          [
            -3.663294,
            36.749377
          ],
          [
            -3.663331,
            36.74938
          ],
          [
            -3.663347,
            36.749382
          ],
          [
            -3.663362,
            36.749382
          ],
          [
            -3.663513,
            36.749379
          ],
          [
            -3.663715,
            36.749355
          ],
          [
            -3.663954,
            36.749302
          ],
          [
            -3.664591,
            36.749112
          ],
          [
            -3.664891,
            36.748994
          ],
          [
            -3.664975,
            36.748952
          ],
          [
            -3.665009,
            36.748933
          ],
          [
            -3.66509,
            36.748916
          ],
          [
            -3.66519,
            36.748885
          ],
          [
            -3.66525,
            36.748843
          ],
          [
            -3.665303,
            36.748807
          ],
          [
            -3.665391,
            36.748737
          ],
          [
            -3.665473,
            36.748663
          ],
          [
            -3.665613,
            36.748515
          ],
          [
            -3.665641,
            36.748481
          ],
          [
            -3.665671,
            36.748474
          ],
          [
            -3.665703,
            36.748459
          ],
          [
            -3.665728,
            36.748437
          ],
          [
            -3.665744,
            36.74841
          ],
          [
            -3.665751,
            36.748378
          ],
          [
            -3.665744,
            36.748342
          ],
          [
            -3.66576,
            36.748235
          ],
          [
            -3.665757,
            36.748199
          ],
          [
            -3.665749,
            36.748019
          ],
          [
            -3.665748,
            36.747758
          ],
          [
            -3.665744,
            36.74746
          ],
          [
            -3.665746,
            36.747106
          ],
          [
            -3.665752,
            36.746956
          ],
          [
            -3.665767,
            36.746832
          ],
          [
            -3.665801,
            36.746676
          ],
          [
            -3.665876,
            36.746375
          ],
          [
            -3.665922,
            36.746191
          ],
          [
            -3.665961,
            36.746066
          ],
          [
            -3.666044,
            36.745832
          ],
          [
            -3.666153,
            36.745601
          ],
          [
            -3.666261,
            36.745417
          ],
          [
            -3.666376,
            36.745252
          ],
          [
            -3.666571,
            36.745053
          ],
          [
            -3.66679,
            36.744879
          ],
          [
            -3.666989,
            36.744747
          ],
          [
            -3.667152,
            36.744649
          ],
          [
            -3.667291,
            36.744579
          ],
          [
            -3.667429,
            36.744521
          ],
          [
            -3.667569,
            36.744471
          ],
          [
            -3.667736,
            36.744424
          ],
          [
            -3.667905,
            36.744384
          ],
          [
            -3.668063,
            36.744354
          ],
          [
            -3.668234,
            36.74433
          ],
          [
            -3.668414,
            36.744324
          ],
          [
            -3.668583,
            36.744325
          ],
          [
            -3.668821,
            36.74436
          ],
          [
            -3.669026,
            36.744402
          ],
          [
            -3.669251,
            36.744461
          ],
          [
            -3.669348,
            36.744486
          ],
          [
            -3.669674,
            36.744572
          ],
          [
            -3.669837,
            36.744606
          ],
          [
            -3.670011,
            36.74463
          ],
          [
            -3.670084,
            36.744633
          ],
          [
            -3.670238,
            36.744642
          ],
          [
            -3.670467,
            36.744626
          ],
          [
            -3.670696,
            36.744595
          ],
          [
            -3.670905,
            36.744553
          ],
          [
            -3.671184,
            36.744451
          ],
          [
            -3.671394,
            36.744337
          ],
          [
            -3.671701,
            36.744148
          ],
          [
            -3.671991,
            36.743971
          ],
          [
            -3.672454,
            36.743683
          ],
          [
            -3.672541,
            36.743632
          ],
          [
            -3.672804,
            36.74347
          ],
          [
            -3.672992,
            36.743353
          ],
          [
            -3.673602,
            36.743005
          ],
          [
            -3.673967,
            36.74275
          ],
          [
            -3.674169,
            36.742576
          ],
          [
            -3.674554,
            36.742323
          ],
          [
            -3.674984,
            36.742019
          ],
          [
            -3.675086,
            36.741939
          ],
          [
            -3.675231,
            36.741832
          ],
          [
            -3.675528,
            36.741578
          ],
          [
            -3.675614,
            36.741492
          ],
          [
            -3.675788,
            36.741316
          ],
          [
            -3.675932,
            36.741149
          ],
          [
            -3.676075,
            36.740982
          ],
          [
            -3.67624,
            36.740749
          ],
          [
            -3.67634,
            36.740608
          ],
          [
            -3.676578,
            36.740198
          ],
          [
            -3.67682,
            36.739717
          ],
          [
            -3.677115,
            36.739129
          ],
          [
            -3.677244,
            36.738872
          ],
          [
            -3.677311,
            36.738755
          ],
          [
            -3.677444,
            36.738517
          ],
          [
            -3.677665,
            36.738169
          ],
          [
            -3.677818,
            36.737948
          ],
          [
            -3.678018,
            36.737685
          ],
          [
            -3.678056,
            36.737636
          ],
          [
            -3.678401,
            36.737263
          ],
          [
            -3.678603,
            36.73708
          ],
          [
            -3.678908,
            36.736863
          ],
          [
            -3.678971,
            36.736829
          ],
          [
            -3.67903,
            36.736813
          ],
          [
            -3.679079,
            36.736782
          ],
          [
            -3.679112,
            36.736739
          ],
          [
            -3.679203,
            36.736659
          ],
          [
            -3.679313,
            36.736585
          ],
          [
            -3.679489,
            36.736484
          ],
          [
            -3.679739,
            36.736384
          ],
          [
            -3.679997,
            36.736289
          ],
          [
            -3.680248,
            36.736208
          ],
          [
            -3.680473,
            36.73614
          ],
          [
            -3.680744,
            36.736075
          ],
          [
            -3.680976,
            36.736033
          ],
          [
            -3.681215,
            36.735997
          ],
          [
            -3.681548,
            36.735967
          ],
          [
            -3.682004,
            36.735957
          ],
          [
            -3.682224,
            36.735968
          ],
          [
            -3.682482,
            36.735991
          ],
          [
            -3.682788,
            36.73603
          ],
          [
            -3.683025,
            36.736067
          ],
          [
            -3.683316,
            36.736119
          ],
          [
            -3.683567,
            36.736164
          ],
          [
            -3.683698,
            36.736186
          ],
          [
            -3.68379,
            36.736202
          ],
          [
            -3.683947,
            36.736231
          ],
          [
            -3.684043,
            36.736248
          ],
          [
            -3.684121,
            36.736263
          ],
          [
            -3.684177,
            36.736273
          ],
          [
            -3.686434,
            36.736684
          ],
          [
            -3.686501,
            36.736696
          ],
          [
            -3.686605,
            36.736715
          ],
          [
            -3.68684,
            36.736757
          ],
          [
            -3.687737,
            36.736916
          ],
          [
            -3.687976,
            36.737045
          ],
          [
            -3.688023,
            36.737051
          ],
          [
            -3.688032,
            36.737066
          ],
          [
            -3.688069,
            36.737102
          ],
          [
            -3.688118,
            36.737126
          ],
          [
            -3.688175,
            36.737136
          ],
          [
            -3.688248,
            36.737122
          ],
          [
            -3.6883,
            36.737094
          ],
          [
            -3.688324,
            36.737073
          ],
          [
            -3.688347,
            36.737024
          ],
          [
            -3.68835,
            36.736986
          ],
          [
            -3.688337,
            36.736944
          ],
          [
            -3.688306,
            36.736907
          ],
          [
            -3.688264,
            36.73688
          ],
          [
            -3.688212,
            36.736865
          ],
          [
            -3.688215,
            36.73679
          ],
          [
            -3.688273,
            36.736679
          ],
          [
            -3.688387,
            36.736545
          ],
          [
            -3.688486,
            36.736465
          ],
          [
            -3.688575,
            36.736384
          ],
          [
            -3.688713,
            36.736258
          ],
          [
            -3.689027,
            36.735995
          ],
          [
            -3.68909,
            36.735918
          ],
          [
            -3.689243,
            36.735766
          ],
          [
            -3.68952,
            36.735883
          ],
          [
            -3.68981,
            36.736004
          ],
          [
            -3.689931,
            36.736054
          ],
          [
            -3.689986,
            36.736054
          ],
          [
            -3.690062,
            36.736053
          ],
          [
            -3.6901,
            36.736083
          ],
          [
            -3.690152,
            36.7361
          ],
          [
            -3.690209,
            36.736098
          ],
          [
            -3.690259,
            36.736078
          ],
          [
            -3.69028,
            36.736061
          ],
          [
            -3.690306,
            36.736021
          ],
          [
            -3.69031,
            36.735976
          ],
          [
            -3.69029,
            36.735934
          ],
          [
            -3.690251,
            36.735902
          ],
          [
            -3.690196,
            36.735884
          ]
        ]
      },
      "properties": {
        "shape_id": "ALM_3A_CIRC",
        "source_id": "osm_route_relations",
        "confidence": "medium"
      }
    },
    {
      "type": "Feature",
      "id": "ALM_TORRECUEVAS_CIRC",
      "geometry": {
        "type": "LineString",
        "coordinates": [
          [
            -3.690196,
            36.735884
          ],
          [
            -3.690137,
            36.735887
          ],
          [
            -3.690082,
            36.735912
          ],
          [
            -3.690047,
            36.735955
          ],
          [
            -3.69004,
            36.736005
          ],
          [
            -3.690062,
            36.736053
          ],
          [
            -3.6901,
            36.736083
          ],
          [
            -3.69002,
            36.736121
          ],
          [
            -3.690069,
            36.73621
          ],
          [
            -3.690094,
            36.736291
          ],
          [
            -3.690111,
            36.736376
          ],
          [
            -3.690123,
            36.736429
          ],
          [
            -3.690104,
            36.736471
          ],
          [
            -3.690113,
            36.736516
          ],
          [
            -3.690146,
            36.736552
          ],
          [
            -3.690102,
            36.736589
          ],
          [
            -3.690078,
            36.736618
          ],
          [
            -3.690029,
            36.736677
          ],
          [
            -3.689835,
            36.737108
          ],
          [
            -3.689783,
            36.737267
          ],
          [
            -3.689742,
            36.737442
          ],
          [
            -3.689727,
            36.737502
          ],
          [
            -3.689644,
            36.737521
          ],
          [
            -3.689636,
            36.737571
          ],
          [
            -3.68963,
            36.737618
          ],
          [
            -3.689616,
            36.73768
          ],
          [
            -3.689609,
            36.737718
          ],
          [
            -3.689592,
            36.737749
          ],
          [
            -3.689583,
            36.73778
          ],
          [
            -3.689587,
            36.737811
          ],
          [
            -3.689609,
            36.737842
          ],
          [
            -3.689629,
            36.73786
          ],
          [
            -3.689664,
            36.737868
          ],
          [
            -3.689693,
            36.737866
          ],
          [
            -3.689721,
            36.737861
          ],
          [
            -3.689706,
            36.737937
          ],
          [
            -3.689616,
            36.738061
          ],
          [
            -3.689602,
            36.738138
          ],
          [
            -3.689579,
            36.738244
          ],
          [
            -3.689523,
            36.738442
          ],
          [
            -3.689405,
            36.73876
          ],
          [
            -3.689275,
            36.73897
          ],
          [
            -3.689208,
            36.739072
          ],
          [
            -3.689068,
            36.739337
          ],
          [
            -3.688921,
            36.739606
          ],
          [
            -3.688858,
            36.739713
          ],
          [
            -3.688732,
            36.739927
          ],
          [
            -3.688598,
            36.740167
          ],
          [
            -3.688398,
            36.740515
          ],
          [
            -3.688227,
            36.740813
          ],
          [
            -3.688179,
            36.740892
          ],
          [
            -3.688113,
            36.740987
          ],
          [
            -3.688032,
            36.741104
          ],
          [
            -3.687939,
            36.741285
          ],
          [
            -3.687925,
            36.741373
          ],
          [
            -3.68793,
            36.741478
          ],
          [
            -3.687958,
            36.741574
          ],
          [
            -3.688035,
            36.7417
          ],
          [
            -3.688116,
            36.741845
          ],
          [
            -3.688135,
            36.741965
          ],
          [
            -3.688122,
            36.742075
          ],
          [
            -3.688049,
            36.742364
          ],
          [
            -3.68794,
            36.742655
          ],
          [
            -3.687876,
            36.74277
          ],
          [
            -3.687779,
            36.742875
          ],
          [
            -3.687554,
            36.743039
          ],
          [
            -3.68754,
            36.743053
          ],
          [
            -3.687396,
            36.743196
          ],
          [
            -3.687358,
            36.743252
          ],
          [
            -3.68731,
            36.743405
          ],
          [
            -3.68721,
            36.743674
          ],
          [
            -3.687159,
            36.743742
          ],
          [
            -3.687107,
            36.743815
          ],
          [
            -3.687013,
            36.743893
          ],
          [
            -3.686897,
            36.743995
          ],
          [
            -3.68658,
            36.744231
          ],
          [
            -3.686217,
            36.744502
          ],
          [
            -3.686131,
            36.744597
          ],
          [
            -3.686055,
            36.74474
          ],
          [
            -3.685975,
            36.744993
          ],
          [
            -3.685908,
            36.745119
          ],
          [
            -3.685786,
            36.745191
          ],
          [
            -3.685634,
            36.745243
          ],
          [
            -3.685329,
            36.745349
          ],
          [
            -3.685238,
            36.745399
          ],
          [
            -3.685171,
            36.745462
          ],
          [
            -3.685135,
            36.745519
          ],
          [
            -3.685112,
            36.745587
          ],
          [
            -3.68511,
            36.745678
          ],
          [
            -3.685199,
            36.746023
          ],
          [
            -3.685232,
            36.746158
          ],
          [
            -3.685225,
            36.74623
          ],
          [
            -3.685202,
            36.746301
          ],
          [
            -3.685155,
            36.746367
          ],
          [
            -3.68487,
            36.74665
          ],
          [
            -3.684821,
            36.746746
          ],
          [
            -3.684809,
            36.746821
          ],
          [
            -3.684807,
            36.74693
          ],
          [
            -3.684837,
            36.747031
          ],
          [
            -3.685124,
            36.74759
          ],
          [
            -3.685149,
            36.747665
          ],
          [
            -3.685148,
            36.747726
          ],
          [
            -3.68514,
            36.747788
          ],
          [
            -3.685081,
            36.747879
          ],
          [
            -3.684846,
            36.748154
          ],
          [
            -3.684764,
            36.748299
          ],
          [
            -3.684738,
            36.748405
          ],
          [
            -3.684734,
            36.748515
          ],
          [
            -3.684809,
            36.74873
          ],
          [
            -3.68487,
            36.748864
          ],
          [
            -3.684905,
            36.748941
          ],
          [
            -3.684913,
            36.749012
          ],
          [
            -3.684899,
            36.749081
          ],
          [
            -3.684887,
            36.749154
          ],
          [
            -3.68484,
            36.74922
          ],
          [
            -3.684772,
            36.749269
          ],
          [
            -3.684658,
            36.749326
          ],
          [
            -3.684537,
            36.74939
          ],
          [
            -3.684348,
            36.749481
          ],
          [
            -3.684197,
            36.749569
          ],
          [
            -3.684136,
            36.74962
          ],
          [
            -3.684089,
            36.749671
          ],
          [
            -3.684045,
            36.749797
          ],
          [
            -3.684051,
            36.749886
          ],
          [
            -3.684203,
            36.750299
          ],
          [
            -3.684218,
            36.750457
          ],
          [
            -3.684201,
            36.750591
          ],
          [
            -3.684106,
            36.750746
          ],
          [
            -3.683915,
            36.750951
          ],
          [
            -3.683879,
            36.75101
          ],
          [
            -3.68387,
            36.751078
          ],
          [
            -3.683869,
            36.751146
          ],
          [
            -3.683892,
            36.75125
          ],
          [
            -3.683927,
            36.751363
          ],
          [
            -3.683954,
            36.751453
          ],
          [
            -3.683982,
            36.751535
          ],
          [
            -3.684022,
            36.751613
          ],
          [
            -3.684042,
            36.751652
          ],
          [
            -3.684068,
            36.751691
          ],
          [
            -3.684103,
            36.751737
          ],
          [
            -3.684155,
            36.751779
          ],
          [
            -3.684293,
            36.751861
          ],
          [
            -3.684727,
            36.752066
          ],
          [
            -3.684791,
            36.752094
          ],
          [
            -3.684862,
            36.752138
          ],
          [
            -3.684907,
            36.752183
          ],
          [
            -3.684941,
            36.752233
          ],
          [
            -3.685091,
            36.752549
          ],
          [
            -3.685154,
            36.752641
          ],
          [
            -3.68523,
            36.752707
          ],
          [
            -3.685308,
            36.752743
          ],
          [
            -3.685385,
            36.752771
          ],
          [
            -3.685522,
            36.752792
          ],
          [
            -3.685643,
            36.752787
          ],
          [
            -3.685945,
            36.752679
          ],
          [
            -3.686094,
            36.752635
          ],
          [
            -3.686194,
            36.752632
          ],
          [
            -3.686265,
            36.752654
          ],
          [
            -3.686346,
            36.752692
          ],
          [
            -3.686436,
            36.752801
          ],
          [
            -3.686501,
            36.752904
          ],
          [
            -3.68652,
            36.753021
          ],
          [
            -3.68649,
            36.753108
          ],
          [
            -3.686253,
            36.753393
          ],
          [
            -3.686227,
            36.753466
          ],
          [
            -3.68623,
            36.753548
          ],
          [
            -3.686264,
            36.753623
          ],
          [
            -3.68634,
            36.753726
          ],
          [
            -3.686424,
            36.753817
          ],
          [
            -3.686566,
            36.753943
          ],
          [
            -3.686689,
            36.754031
          ],
          [
            -3.68678,
            36.754089
          ],
          [
            -3.686874,
            36.75412
          ],
          [
            -3.687107,
            36.754151
          ],
          [
            -3.687417,
            36.754194
          ],
          [
            -3.687486,
            36.754225
          ],
          [
            -3.68753,
            36.754278
          ],
          [
            -3.687564,
            36.75435
          ],
          [
            -3.687643,
            36.75467
          ],
          [
            -3.687683,
            36.754738
          ],
          [
            -3.687814,
            36.75485
          ],
          [
            -3.688277,
            36.755113
          ],
          [
            -3.688886,
            36.75546
          ],
          [
            -3.689206,
            36.755705
          ],
          [
            -3.689323,
            36.755816
          ],
          [
            -3.689396,
            36.755942
          ],
          [
            -3.689434,
            36.75606
          ],
          [
            -3.689436,
            36.756195
          ],
          [
            -3.689361,
            36.75645
          ],
          [
            -3.689339,
            36.756614
          ],
          [
            -3.689356,
            36.756791
          ],
          [
            -3.689409,
            36.757124
          ],
          [
            -3.689425,
            36.75738
          ],
          [
            -3.689455,
            36.757491
          ],
          [
            -3.689501,
            36.757574
          ],
          [
            -3.689708,
            36.757789
          ],
          [
            -3.689773,
            36.757905
          ],
          [
            -3.689833,
            36.758242
          ],
          [
            -3.689803,
            36.758386
          ],
          [
            -3.689656,
            36.758663
          ],
          [
            -3.68962,
            36.758808
          ],
          [
            -3.689623,
            36.759042
          ],
          [
            -3.689689,
            36.759399
          ],
          [
            -3.689718,
            36.759559
          ],
          [
            -3.689717,
            36.759687
          ],
          [
            -3.689677,
            36.759845
          ],
          [
            -3.689518,
            36.760144
          ],
          [
            -3.689512,
            36.760256
          ],
          [
            -3.68954,
            36.760368
          ],
          [
            -3.689699,
            36.760625
          ],
          [
            -3.68977,
            36.760815
          ],
          [
            -3.689744,
            36.760989
          ],
          [
            -3.689645,
            36.761181
          ],
          [
            -3.689559,
            36.761354
          ],
          [
            -3.689516,
            36.761548
          ],
          [
            -3.689513,
            36.761658
          ],
          [
            -3.689548,
            36.761848
          ],
          [
            -3.689705,
            36.762009
          ],
          [
            -3.689907,
            36.762146
          ],
          [
            -3.690062,
            36.762278
          ],
          [
            -3.690108,
            36.762335
          ],
          [
            -3.690127,
            36.762403
          ],
          [
            -3.690134,
            36.762479
          ],
          [
            -3.690125,
            36.762545
          ],
          [
            -3.690077,
            36.762661
          ],
          [
            -3.689949,
            36.762834
          ],
          [
            -3.689879,
            36.7629
          ],
          [
            -3.689844,
            36.762931
          ],
          [
            -3.689512,
            36.763271
          ],
          [
            -3.689339,
            36.763494
          ],
          [
            -3.688801,
            36.764029
          ],
          [
            -3.688722,
            36.76416
          ],
          [
            -3.688469,
            36.764804
          ],
          [
            -3.688301,
            36.765082
          ],
          [
            -3.687929,
            36.765545
          ],
          [
            -3.687659,
            36.765698
          ],
          [
            -3.686705,
            36.766061
          ],
          [
            -3.686653,
            36.766081
          ],
          [
            -3.686355,
            36.766207
          ],
          [
            -3.686256,
            36.766301
          ],
          [
            -3.686032,
            36.766593
          ],
          [
            -3.685863,
            36.766687
          ],
          [
            -3.68515,
            36.766999
          ],
          [
            -3.684904,
            36.767139
          ],
          [
            -3.684766,
            36.767315
          ],
          [
            -3.68474,
            36.767378
          ],
          [
            -3.684636,
            36.76792
          ],
          [
            -3.684563,
            36.768099
          ],
          [
            -3.684453,
            36.768211
          ],
          [
            -3.6838,
            36.768628
          ],
          [
            -3.684453,
            36.768211
          ],
          [
            -3.684563,
            36.768099
          ],
          [
            -3.684636,
            36.76792
          ],
          [
            -3.68474,
            36.767378
          ],
          [
            -3.684766,
            36.767315
          ],
          [
            -3.684904,
            36.767139
          ],
          [
            -3.68515,
            36.766999
          ],
          [
            -3.685863,
            36.766687
          ],
          [
            -3.686032,
            36.766593
          ],
          [
            -3.686256,
            36.766301
          ],
          [
            -3.686355,
            36.766207
          ],
          [
            -3.686653,
            36.766081
          ],
          [
            -3.686705,
            36.766061
          ],
          [
            -3.687659,
            36.765698
          ],
          [
            -3.687929,
            36.765545
          ],
          [
            -3.688301,
            36.765082
          ],
          [
            -3.688469,
            36.764804
          ],
          [
            -3.688722,
            36.76416
          ],
          [
            -3.688801,
            36.764029
          ],
          [
            -3.689339,
            36.763494
          ],
          [
            -3.689512,
            36.763271
          ],
          [
            -3.689844,
            36.762931
          ],
          [
            -3.689879,
            36.7629
          ],
          [
            -3.689949,
            36.762834
          ],
          [
            -3.690077,
            36.762661
          ],
          [
            -3.690125,
            36.762545
          ],
          [
            -3.690134,
            36.762479
          ],
          [
            -3.690127,
            36.762403
          ],
          [
            -3.690108,
            36.762335
          ],
          [
            -3.690062,
            36.762278
          ],
          [
            -3.689907,
            36.762146
          ],
          [
            -3.689705,
            36.762009
          ],
          [
            -3.689548,
            36.761848
          ],
          [
            -3.689513,
            36.761658
          ],
          [
            -3.689516,
            36.761548
          ],
          [
            -3.689559,
            36.761354
          ],
          [
            -3.689645,
            36.761181
          ],
          [
            -3.689744,
            36.760989
          ],
          [
            -3.68977,
            36.760815
          ],
          [
            -3.689699,
            36.760625
          ],
          [
            -3.68954,
            36.760368
          ],
          [
            -3.689512,
            36.760256
          ],
          [
            -3.689518,
            36.760144
          ],
          [
            -3.689677,
            36.759845
          ],
          [
            -3.689717,
            36.759687
          ],
          [
            -3.689718,
            36.759559
          ],
          [
            -3.689689,
            36.759399
          ],
          [
            -3.689623,
            36.759042
          ],
          [
            -3.68962,
            36.758808
          ],
          [
            -3.689656,
            36.758663
          ],
          [
            -3.689803,
            36.758386
          ],
          [
            -3.689833,
            36.758242
          ],
          [
            -3.689773,
            36.757905
          ],
          [
            -3.689708,
            36.757789
          ],
          [
            -3.689501,
            36.757574
          ],
          [
            -3.689455,
            36.757491
          ],
          [
            -3.689425,
            36.75738
          ],
          [
            -3.689409,
            36.757124
          ],
          [
            -3.689356,
            36.756791
          ],
          [
            -3.689339,
            36.756614
          ],
          [
            -3.689361,
            36.75645
          ],
          [
            -3.689436,
            36.756195
          ],
          [
            -3.689434,
            36.75606
          ],
          [
            -3.689396,
            36.755942
          ],
          [
            -3.689323,
            36.755816
          ],
          [
            -3.689206,
            36.755705
          ],
          [
            -3.688886,
            36.75546
          ],
          [
            -3.688277,
            36.755113
          ],
          [
            -3.687814,
            36.75485
          ],
          [
            -3.687683,
            36.754738
          ],
          [
            -3.687643,
            36.75467
          ],
          [
            -3.687564,
            36.75435
          ],
          [
            -3.68753,
            36.754278
          ],
          [
            -3.687486,
            36.754225
          ],
          [
            -3.687417,
            36.754194
          ],
          [
            -3.687107,
            36.754151
          ],
          [
            -3.686874,
            36.75412
          ],
          [
            -3.68678,
            36.754089
          ],
          [
            -3.686689,
            36.754031
          ],
          [
            -3.686566,
            36.753943
          ],
          [
            -3.686424,
            36.753817
          ],
          [
            -3.68634,
            36.753726
          ],
          [
            -3.686264,
            36.753623
          ],
          [
            -3.68623,
            36.753548
          ],
          [
            -3.686227,
            36.753466
          ],
          [
            -3.686253,
            36.753393
          ],
          [
            -3.68649,
            36.753108
          ],
          [
            -3.68652,
            36.753021
          ],
          [
            -3.686501,
            36.752904
          ],
          [
            -3.686436,
            36.752801
          ],
          [
            -3.686346,
            36.752692
          ],
          [
            -3.686265,
            36.752654
          ],
          [
            -3.686194,
            36.752632
          ],
          [
            -3.686094,
            36.752635
          ],
          [
            -3.685945,
            36.752679
          ],
          [
            -3.685643,
            36.752787
          ],
          [
            -3.685522,
            36.752792
          ],
          [
            -3.685385,
            36.752771
          ],
          [
            -3.685308,
            36.752743
          ],
          [
            -3.68523,
            36.752707
          ],
          [
            -3.685154,
            36.752641
          ],
          [
            -3.685091,
            36.752549
          ],
          [
            -3.684941,
            36.752233
          ],
          [
            -3.684907,
            36.752183
          ],
          [
            -3.684862,
            36.752138
          ],
          [
            -3.684791,
            36.752094
          ],
          [
            -3.684727,
            36.752066
          ],
          [
            -3.684293,
            36.751861
          ],
          [
            -3.684155,
            36.751779
          ],
          [
            -3.684103,
            36.751737
          ],
          [
            -3.684068,
            36.751691
          ],
          [
            -3.684042,
            36.751652
          ],
          [
            -3.684022,
            36.751613
          ],
          [
            -3.683982,
            36.751535
          ],
          [
            -3.683954,
            36.751453
          ],
          [
            -3.683927,
            36.751363
          ],
          [
            -3.683892,
            36.75125
          ],
          [
            -3.683869,
            36.751146
          ],
          [
            -3.68387,
            36.751078
          ],
          [
            -3.683879,
            36.75101
          ],
          [
            -3.683915,
            36.750951
          ],
          [
            -3.684106,
            36.750746
          ],
          [
            -3.684201,
            36.750591
          ],
          [
            -3.684218,
            36.750457
          ],
          [
            -3.684203,
            36.750299
          ],
          [
            -3.684051,
            36.749886
          ],
          [
            -3.684045,
            36.749797
          ],
          [
            -3.684089,
            36.749671
          ],
          [
            -3.684136,
            36.74962
          ],
          [
            -3.684197,
            36.749569
          ],
          [
            -3.684348,
            36.749481
          ],
          [
            -3.684537,
            36.74939
          ],
          [
            -3.684658,
            36.749326
          ],
          [
            -3.684772,
            36.749269
          ],
          [
            -3.68484,
            36.74922
          ],
          [
            -3.684887,
            36.749154
          ],
          [
            -3.684899,
            36.749081
          ],
          [
            -3.684913,
            36.749012
          ],
          [
            -3.684905,
            36.748941
          ],
          [
            -3.68487,
            36.748864
          ],
          [
            -3.684809,
            36.74873
          ],
          [
            -3.684734,
            36.748515
          ],
          [
            -3.684738,
            36.748405
          ],
          [
            -3.684764,
            36.748299
          ],
          [
            -3.684846,
            36.748154
          ],
          [
            -3.685081,
            36.747879
          ],
          [
            -3.68514,
            36.747788
          ],
          [
            -3.685148,
            36.747726
          ],
          [
            -3.685149,
            36.747665
          ],
          [
            -3.685124,
            36.74759
          ],
          [
            -3.684837,
            36.747031
          ],
          [
            -3.684807,
            36.74693
          ],
          [
            -3.684809,
            36.746821
          ],
          [
            -3.684821,
            36.746746
          ],
          [
            -3.68487,
            36.74665
          ],
          [
            -3.685155,
            36.746367
          ],
          [
            -3.685202,
            36.746301
          ],
          [
            -3.685225,
            36.74623
          ],
          [
            -3.685232,
            36.746158
          ],
          [
            -3.685199,
            36.746023
          ],
          [
            -3.68511,
            36.745678
          ],
          [
            -3.685112,
            36.745587
          ],
          [
            -3.685135,
            36.745519
          ],
          [
            -3.685171,
            36.745462
          ],
          [
            -3.685238,
            36.745399
          ],
          [
            -3.685329,
            36.745349
          ],
          [
            -3.685634,
            36.745243
          ],
          [
            -3.685786,
            36.745191
          ],
          [
            -3.685908,
            36.745119
          ],
          [
            -3.685975,
            36.744993
          ],
          [
            -3.686055,
            36.74474
          ],
          [
            -3.686131,
            36.744597
          ],
          [
            -3.686217,
            36.744502
          ],
          [
            -3.68658,
            36.744231
          ],
          [
            -3.686897,
            36.743995
          ],
          [
            -3.687013,
            36.743893
          ],
          [
            -3.687107,
            36.743815
          ],
          [
            -3.687159,
            36.743742
          ],
          [
            -3.68721,
            36.743674
          ],
          [
            -3.68731,
            36.743405
          ],
          [
            -3.687358,
            36.743252
          ],
          [
            -3.687396,
            36.743196
          ],
          [
            -3.68754,
            36.743053
          ],
          [
            -3.687554,
            36.743039
          ],
          [
            -3.687779,
            36.742875
          ],
          [
            -3.687876,
            36.74277
          ],
          [
            -3.68794,
            36.742655
          ],
          [
            -3.688049,
            36.742364
          ],
          [
            -3.688122,
            36.742075
          ],
          [
            -3.688135,
            36.741965
          ],
          [
            -3.688116,
            36.741845
          ],
          [
            -3.688035,
            36.7417
          ],
          [
            -3.687958,
            36.741574
          ],
          [
            -3.68793,
            36.741478
          ],
          [
            -3.687925,
            36.741373
          ],
          [
            -3.687939,
            36.741285
          ],
          [
            -3.688032,
            36.741104
          ],
          [
            -3.688113,
            36.740987
          ],
          [
            -3.688179,
            36.740892
          ],
          [
            -3.688227,
            36.740813
          ],
          [
            -3.688398,
            36.740515
          ],
          [
            -3.688598,
            36.740167
          ],
          [
            -3.688732,
            36.739927
          ],
          [
            -3.688858,
            36.739713
          ],
          [
            -3.688921,
            36.739606
          ],
          [
            -3.689068,
            36.739337
          ],
          [
            -3.689208,
            36.739072
          ],
          [
            -3.689275,
            36.73897
          ],
          [
            -3.689405,
            36.73876
          ],
          [
            -3.689523,
            36.738442
          ],
          [
            -3.689579,
            36.738244
          ],
          [
            -3.689602,
            36.738138
          ],
          [
            -3.689616,
            36.738061
          ],
          [
            -3.689706,
            36.737937
          ],
          [
            -3.689721,
            36.737861
          ],
          [
            -3.689748,
            36.737849
          ],
          [
            -3.689762,
            36.737823
          ],
          [
            -3.689767,
            36.737781
          ],
          [
            -3.689764,
            36.737756
          ],
          [
            -3.689764,
            36.737718
          ],
          [
            -3.68977,
            36.737691
          ],
          [
            -3.689777,
            36.737655
          ],
          [
            -3.689795,
            36.737579
          ],
          [
            -3.689786,
            36.737533
          ],
          [
            -3.689727,
            36.737502
          ],
          [
            -3.689742,
            36.737442
          ],
          [
            -3.689783,
            36.737267
          ],
          [
            -3.689835,
            36.737108
          ],
          [
            -3.690029,
            36.736677
          ],
          [
            -3.690078,
            36.736618
          ],
          [
            -3.690102,
            36.736589
          ],
          [
            -3.690146,
            36.736552
          ],
          [
            -3.690209,
            36.736573
          ],
          [
            -3.690276,
            36.736562
          ],
          [
            -3.690324,
            36.736523
          ],
          [
            -3.690336,
            36.736465
          ],
          [
            -3.690301,
            36.736412
          ],
          [
            -3.690233,
            36.736387
          ],
          [
            -3.690217,
            36.736337
          ],
          [
            -3.690206,
            36.736279
          ],
          [
            -3.690234,
            36.7362
          ],
          [
            -3.690272,
            36.736151
          ],
          [
            -3.690259,
            36.736078
          ],
          [
            -3.69028,
            36.736061
          ],
          [
            -3.690306,
            36.736021
          ],
          [
            -3.69031,
            36.735976
          ],
          [
            -3.69029,
            36.735934
          ],
          [
            -3.690251,
            36.735902
          ],
          [
            -3.690196,
            36.735884
          ]
        ]
      },
      "properties": {
        "shape_id": "ALM_TORRECUEVAS_CIRC",
        "source_id": "osm_route_relations",
        "confidence": "medium"
      }
    }
  ]
}
